{
  "trainedWithDSSVersion": "13.4.1",
  "backend": "PY_MEMORY",
  "isValid": true,
  "type": "BINARY_PROBABILISTIC",
  "algorithm_name": "FOREST_CLASSIFIER",
  "columns": [
    "previous_cancellations",
    "week_nights",
    "number_of_special_requests",
    "year",
    "adults",
    "avg_price_per_room",
    "month",
    "children",
    "lead_time",
    "weekend_nights",
    "day",
    "day_of_week",
    "dummy:parking_request:No",
    "dummy:parking_request:Yes",
    "dummy:parking_request:N/A",
    "dummy:parking_request:__Others__",
    "dummy:meal_plan:Meal Plan 1",
    "dummy:meal_plan:Not Selected",
    "dummy:meal_plan:Meal Plan 2",
    "dummy:meal_plan:Meal Plan 3",
    "dummy:meal_plan:N/A",
    "dummy:meal_plan:__Others__",
    "dummy:first_time:Yes",
    "dummy:first_time:No",
    "dummy:first_time:N/A",
    "dummy:first_time:__Others__",
    "dummy:room_type_reserved:Room_Type 1",
    "dummy:room_type_reserved:Room_Type 4",
    "dummy:room_type_reserved:Room_Type 6",
    "dummy:room_type_reserved:Room_Type 2",
    "dummy:room_type_reserved:Room_Type 5",
    "dummy:room_type_reserved:Room_Type 7",
    "dummy:room_type_reserved:Room_Type 3",
    "dummy:room_type_reserved:N/A",
    "dummy:room_type_reserved:__Others__",
    "dummy:market_type:Online",
    "dummy:market_type:Offline",
    "dummy:market_type:Corporate",
    "dummy:market_type:Complementary",
    "dummy:market_type:Aviation",
    "dummy:market_type:N/A",
    "dummy:market_type:__Others__"
  ],
  "classes": [
    "Not_Canceled",
    "Canceled"
  ]
}