{
    "featuresDistribution": {
        "previous_cancellations": {
            "type": "NUMERIC",
            "nbDistinct": 8,
            "count": 20317,
            "missingCount": 0.0,
            "histogram": {
                "scale": [
                    0.0,
                    0.2653061224489796,
                    0.5306122448979592,
                    0.7959183673469388,
                    1.0612244897959184,
                    1.326530612244898,
                    1.5918367346938775,
                    1.8571428571428572,
                    2.122448979591837,
                    2.3877551020408165,
                    2.653061224489796,
                    2.918367346938776,
                    3.183673469387755,
                    3.4489795918367347,
                    3.7142857142857144,
                    3.979591836734694,
                    4.244897959183674,
                    4.510204081632653,
                    4.775510204081633,
                    5.040816326530613,
                    5.306122448979592,
                    5.571428571428572,
                    5.836734693877552,
                    6.102040816326531,
                    6.36734693877551,
                    6.63265306122449,
                    6.8979591836734695,
                    7.163265306122449,
                    7.428571428571429,
                    7.6938775510204085,
                    7.959183673469388,
                    8.224489795918368,
                    8.489795918367347,
                    8.755102040816327,
                    9.020408163265307,
                    9.285714285714286,
                    9.551020408163266,
                    9.816326530612246,
                    10.081632653061225,
                    10.346938775510205,
                    10.612244897959185,
                    10.877551020408164,
                    11.142857142857144,
                    11.408163265306124,
                    11.673469387755103,
                    11.938775510204083,
                    12.204081632653063,
                    12.469387755102042,
                    12.73469387755102,
                    13.0
                ],
                "distribution": [
                    0.9920263818477137,
                    0.0,
                    0.0,
                    0.004823546783481813,
                    0.0,
                    0.0,
                    0.0,
                    0.0009843973027513905,
                    0.0,
                    0.0,
                    0.0,
                    0.0008367377073386819,
                    0.0,
                    0.0,
                    0.0,
                    0.0001968794605502781,
                    0.0,
                    0.0,
                    0.0003937589211005562,
                    0.0,
                    0.0,
                    0.0,
                    0.0,
                    0.0,
                    0.0,
                    0.0,
                    0.0,
                    0.0,
                    0.0,
                    0.0,
                    0.0,
                    0.0,
                    0.0,
                    0.0,
                    0.0,
                    0.0,
                    0.0,
                    0.0,
                    0.0,
                    0.0,
                    0.0,
                    0.0006890781119259734,
                    0.0,
                    0.0,
                    0.0,
                    0.0,
                    0.0,
                    0.0,
                    4.9219865137569525e-05
                ]
            },
            "quantiles": {
                "scale": [
                    0.0,
                    0.0,
                    0.0,
                    0.0,
                    0.0,
                    0.0,
                    0.0,
                    0.0,
                    0.0,
                    6.5
                ],
                "distribution": [
                    0.0,
                    0.0,
                    0.0,
                    0.0,
                    0.0,
                    0.0,
                    0.0,
                    0.0,
                    0.0,
                    1.0
                ]
            },
            "topValues": [
                {
                    "value": 0.0,
                    "count": 20155.0
                },
                {
                    "value": 1.0,
                    "count": 98.0
                },
                {
                    "value": 2.0,
                    "count": 20.0
                },
                {
                    "value": 3.0,
                    "count": 17.0
                },
                {
                    "value": 11.0,
                    "count": 14.0
                },
                {
                    "value": 5.0,
                    "count": 8.0
                },
                {
                    "value": 4.0,
                    "count": 4.0
                },
                {
                    "value": 13.0,
                    "count": 1.0
                }
            ]
        },
        "week_nights": {
            "type": "NUMERIC",
            "nbDistinct": 5,
            "count": 20317,
            "missingCount": 0.0,
            "histogram": {
                "scale": [
                    1.0,
                    1.0816326530612246,
                    1.163265306122449,
                    1.2448979591836735,
                    1.3265306122448979,
                    1.4081632653061225,
                    1.489795918367347,
                    1.5714285714285714,
                    1.6530612244897958,
                    1.7346938775510203,
                    1.816326530612245,
                    1.8979591836734693,
                    1.9795918367346939,
                    2.061224489795918,
                    2.142857142857143,
                    2.224489795918367,
                    2.3061224489795915,
                    2.387755102040816,
                    2.4693877551020407,
                    2.5510204081632653,
                    2.63265306122449,
                    2.7142857142857144,
                    2.7959183673469385,
                    2.877551020408163,
                    2.9591836734693877,
                    3.0408163265306123,
                    3.1224489795918364,
                    3.204081632653061,
                    3.2857142857142856,
                    3.36734693877551,
                    3.4489795918367343,
                    3.530612244897959,
                    3.6122448979591835,
                    3.693877551020408,
                    3.7755102040816326,
                    3.8571428571428568,
                    3.9387755102040813,
                    4.020408163265306,
                    4.1020408163265305,
                    4.183673469387754,
                    4.26530612244898,
                    4.346938775510203,
                    4.428571428571429,
                    4.5102040816326525,
                    4.591836734693877,
                    4.673469387755102,
                    4.755102040816326,
                    4.836734693877551,
                    4.918367346938775,
                    5.0
                ],
                "distribution": [
                    0.0031500713688044496,
                    0.0,
                    0.0,
                    0.0,
                    0.0,
                    0.0,
                    0.0,
                    0.0,
                    0.0,
                    0.0,
                    0.0,
                    0.0,
                    0.9948319141605552,
                    0.0,
                    0.0,
                    0.0,
                    0.0,
                    0.0,
                    0.0,
                    0.0,
                    0.0,
                    0.0,
                    0.0,
                    0.0,
                    0.001771915144952503,
                    0.0,
                    0.0,
                    0.0,
                    0.0,
                    0.0,
                    0.0,
                    0.0,
                    0.0,
                    0.0,
                    0.0,
                    0.0,
                    9.843973027513905e-05,
                    0.0,
                    0.0,
                    0.0,
                    0.0,
                    0.0,
                    0.0,
                    0.0,
                    0.0,
                    0.0,
                    0.0,
                    0.0,
                    0.00014765959541270858
                ]
            },
            "quantiles": {
                "scale": [
                    1.5,
                    2.0,
                    2.0,
                    2.0,
                    2.0,
                    2.0,
                    2.0,
                    2.0,
                    2.0,
                    3.5
                ],
                "distribution": [
                    0.0031500713688044496,
                    0.0,
                    0.0,
                    0.0,
                    0.0,
                    0.0,
                    0.0,
                    0.0,
                    0.0,
                    0.9968499286311956
                ]
            },
            "topValues": [
                {
                    "value": 2.0,
                    "count": 20212.0
                },
                {
                    "value": 1.0,
                    "count": 64.0
                },
                {
                    "value": 3.0,
                    "count": 36.0
                },
                {
                    "value": 5.0,
                    "count": 3.0
                },
                {
                    "value": 4.0,
                    "count": 2.0
                }
            ]
        },
        "number_of_special_requests": {
            "type": "NUMERIC",
            "nbDistinct": 6,
            "count": 20317,
            "missingCount": 0.0,
            "histogram": {
                "scale": [
                    0.0,
                    0.10204081632653061,
                    0.20408163265306123,
                    0.30612244897959184,
                    0.40816326530612246,
                    0.5102040816326531,
                    0.6122448979591837,
                    0.7142857142857143,
                    0.8163265306122449,
                    0.9183673469387755,
                    1.0204081632653061,
                    1.1224489795918369,
                    1.2244897959183674,
                    1.3265306122448979,
                    1.4285714285714286,
                    1.5306122448979593,
                    1.6326530612244898,
                    1.7346938775510203,
                    1.836734693877551,
                    1.9387755102040818,
                    2.0408163265306123,
                    2.142857142857143,
                    2.2448979591836737,
                    2.3469387755102042,
                    2.4489795918367347,
                    2.5510204081632653,
                    2.6530612244897958,
                    2.7551020408163267,
                    2.857142857142857,
                    2.9591836734693877,
                    3.0612244897959187,
                    3.163265306122449,
                    3.2653061224489797,
                    3.36734693877551,
                    3.4693877551020407,
                    3.5714285714285716,
                    3.673469387755102,
                    3.7755102040816326,
                    3.8775510204081636,
                    3.979591836734694,
                    4.081632653061225,
                    4.183673469387755,
                    4.285714285714286,
                    4.387755102040816,
                    4.4897959183673475,
                    4.591836734693878,
                    4.6938775510204085,
                    4.795918367346939,
                    4.8979591836734695,
                    5.0
                ],
                "distribution": [
                    0.5434365309839051,
                    0.0,
                    0.0,
                    0.0,
                    0.0,
                    0.0,
                    0.0,
                    0.0,
                    0.0,
                    0.3153024560712704,
                    0.0,
                    0.0,
                    0.0,
                    0.0,
                    0.0,
                    0.0,
                    0.0,
                    0.0,
                    0.0,
                    0.11906285376778068,
                    0.0,
                    0.0,
                    0.0,
                    0.0,
                    0.0,
                    0.0,
                    0.0,
                    0.0,
                    0.0,
                    0.01949106659447753,
                    0.0,
                    0.0,
                    0.0,
                    0.0,
                    0.0,
                    0.0,
                    0.0,
                    0.0,
                    0.0,
                    0.0024609932568784763,
                    0.0,
                    0.0,
                    0.0,
                    0.0,
                    0.0,
                    0.0,
                    0.0,
                    0.0,
                    0.0002460993256878476
                ]
            },
            "quantiles": {
                "scale": [
                    0.0,
                    0.0,
                    0.0,
                    0.0,
                    0.0,
                    0.5,
                    1.0,
                    1.0,
                    1.5,
                    3.5
                ],
                "distribution": [
                    0.0,
                    0.0,
                    0.0,
                    0.0,
                    0.0,
                    0.5434365309839051,
                    0.0,
                    0.0,
                    0.3153024560712704,
                    0.14126101294482454
                ]
            },
            "topValues": [
                {
                    "value": 0.0,
                    "count": 11041.0
                },
                {
                    "value": 1.0,
                    "count": 6406.0
                },
                {
                    "value": 2.0,
                    "count": 2419.0
                },
                {
                    "value": 3.0,
                    "count": 396.0
                },
                {
                    "value": 4.0,
                    "count": 50.0
                },
                {
                    "value": 5.0,
                    "count": 5.0
                }
            ]
        },
        "year": {
            "type": "NUMERIC",
            "nbDistinct": 2,
            "count": 20317,
            "missingCount": 0.0,
            "histogram": {
                "scale": [
                    2017.0,
                    2017.0204081632653,
                    2017.0408163265306,
                    2017.061224489796,
                    2017.0816326530612,
                    2017.1020408163265,
                    2017.1224489795918,
                    2017.142857142857,
                    2017.1632653061224,
                    2017.1836734693877,
                    2017.204081632653,
                    2017.2244897959183,
                    2017.2448979591836,
                    2017.265306122449,
                    2017.2857142857142,
                    2017.3061224489795,
                    2017.3265306122448,
                    2017.3469387755101,
                    2017.3673469387754,
                    2017.3877551020407,
                    2017.408163265306,
                    2017.4285714285713,
                    2017.4489795918366,
                    2017.469387755102,
                    2017.4897959183672,
                    2017.5102040816328,
                    2017.530612244898,
                    2017.5510204081634,
                    2017.5714285714287,
                    2017.591836734694,
                    2017.6122448979593,
                    2017.6326530612246,
                    2017.6530612244899,
                    2017.6734693877552,
                    2017.6938775510205,
                    2017.7142857142858,
                    2017.734693877551,
                    2017.7551020408164,
                    2017.7755102040817,
                    2017.795918367347,
                    2017.8163265306123,
                    2017.8367346938776,
                    2017.857142857143,
                    2017.8775510204082,
                    2017.8979591836735,
                    2017.9183673469388,
                    2017.938775510204,
                    2017.9591836734694,
                    2017.9795918367347,
                    2018.0
                ],
                "distribution": [
                    0.18078456465029286,
                    0.0,
                    0.0,
                    0.0,
                    0.0,
                    0.0,
                    0.0,
                    0.0,
                    0.0,
                    0.0,
                    0.0,
                    0.0,
                    0.0,
                    0.0,
                    0.0,
                    0.0,
                    0.0,
                    0.0,
                    0.0,
                    0.0,
                    0.0,
                    0.0,
                    0.0,
                    0.0,
                    0.0,
                    0.0,
                    0.0,
                    0.0,
                    0.0,
                    0.0,
                    0.0,
                    0.0,
                    0.0,
                    0.0,
                    0.0,
                    0.0,
                    0.0,
                    0.0,
                    0.0,
                    0.0,
                    0.0,
                    0.0,
                    0.0,
                    0.0,
                    0.0,
                    0.0,
                    0.0,
                    0.0,
                    0.8192154353497071
                ]
            },
            "quantiles": {
                "scale": [
                    2017.0,
                    2017.5,
                    2018.0,
                    2018.0,
                    2018.0,
                    2018.0,
                    2018.0,
                    2018.0,
                    2018.0,
                    2018.0
                ],
                "distribution": [
                    0.0,
                    0.18078456465029286,
                    0.0,
                    0.0,
                    0.0,
                    0.0,
                    0.0,
                    0.0,
                    0.0,
                    0.8192154353497071
                ]
            },
            "topValues": [
                {
                    "value": 2018.0,
                    "count": 16644.0
                },
                {
                    "value": 2017.0,
                    "count": 3673.0
                }
            ]
        },
        "adults": {
            "type": "NUMERIC",
            "nbDistinct": 4,
            "count": 20317,
            "missingCount": 0.0,
            "histogram": {
                "scale": [
                    1.0,
                    1.0612244897959184,
                    1.1224489795918366,
                    1.183673469387755,
                    1.2448979591836735,
                    1.306122448979592,
                    1.3673469387755102,
                    1.4285714285714286,
                    1.489795918367347,
                    1.5510204081632653,
                    1.6122448979591837,
                    1.6734693877551021,
                    1.7346938775510203,
                    1.7959183673469388,
                    1.8571428571428572,
                    1.9183673469387754,
                    1.9795918367346939,
                    2.0408163265306123,
                    2.1020408163265305,
                    2.163265306122449,
                    2.2244897959183674,
                    2.2857142857142856,
                    2.3469387755102042,
                    2.4081632653061225,
                    2.4693877551020407,
                    2.5306122448979593,
                    2.5918367346938775,
                    2.6530612244897958,
                    2.7142857142857144,
                    2.7755102040816326,
                    2.836734693877551,
                    2.8979591836734695,
                    2.9591836734693877,
                    3.020408163265306,
                    3.0816326530612246,
                    3.142857142857143,
                    3.204081632653061,
                    3.2653061224489797,
                    3.326530612244898,
                    3.387755102040816,
                    3.4489795918367347,
                    3.510204081632653,
                    3.571428571428571,
                    3.63265306122449,
                    3.693877551020408,
                    3.7551020408163263,
                    3.816326530612245,
                    3.877551020408163,
                    3.9387755102040813,
                    4.0
                ],
                "distribution": [
                    0.20854456858788206,
                    0.0,
                    0.0,
                    0.0,
                    0.0,
                    0.0,
                    0.0,
                    0.0,
                    0.0,
                    0.0,
                    0.0,
                    0.0,
                    0.0,
                    0.0,
                    0.0,
                    0.0,
                    0.7239749963085101,
                    0.0,
                    0.0,
                    0.0,
                    0.0,
                    0.0,
                    0.0,
                    0.0,
                    0.0,
                    0.0,
                    0.0,
                    0.0,
                    0.0,
                    0.0,
                    0.0,
                    0.0,
                    0.0671851159127824,
                    0.0,
                    0.0,
                    0.0,
                    0.0,
                    0.0,
                    0.0,
                    0.0,
                    0.0,
                    0.0,
                    0.0,
                    0.0,
                    0.0,
                    0.0,
                    0.0,
                    0.0,
                    0.00029531919082541715
                ]
            },
            "quantiles": {
                "scale": [
                    1.0,
                    1.0,
                    1.5,
                    2.0,
                    2.0,
                    2.0,
                    2.0,
                    2.0,
                    2.0,
                    3.0
                ],
                "distribution": [
                    0.0,
                    0.0,
                    0.20854456858788206,
                    0.0,
                    0.0,
                    0.0,
                    0.0,
                    0.0,
                    0.0,
                    0.7914554314121179
                ]
            },
            "topValues": [
                {
                    "value": 2.0,
                    "count": 14709.0
                },
                {
                    "value": 1.0,
                    "count": 4237.0
                },
                {
                    "value": 3.0,
                    "count": 1365.0
                },
                {
                    "value": 4.0,
                    "count": 6.0
                }
            ]
        },
        "parking_request": {
            "type": "CATEGORY",
            "nbDistinct": 2,
            "count": 20317,
            "missingCount": 0.0,
            "values": {
                "scale": [
                    "No",
                    "Yes"
                ],
                "distribution": [
                    0.9697297829403947,
                    0.030270217059605257
                ]
            }
        },
        "avg_price_per_room": {
            "type": "NUMERIC",
            "nbDistinct": 2894,
            "count": 20317,
            "missingCount": 0.0,
            "histogram": {
                "scale": [
                    0.0,
                    11.020408163265307,
                    22.040816326530614,
                    33.06122448979592,
                    44.08163265306123,
                    55.102040816326536,
                    66.12244897959184,
                    77.14285714285715,
                    88.16326530612245,
                    99.18367346938776,
                    110.20408163265307,
                    121.22448979591837,
                    132.24489795918367,
                    143.26530612244898,
                    154.2857142857143,
                    165.3061224489796,
                    176.3265306122449,
                    187.3469387755102,
                    198.3673469387755,
                    209.38775510204084,
                    220.40816326530614,
                    231.42857142857144,
                    242.44897959183675,
                    253.46938775510205,
                    264.48979591836735,
                    275.51020408163265,
                    286.53061224489795,
                    297.5510204081633,
                    308.5714285714286,
                    319.5918367346939,
                    330.6122448979592,
                    341.6326530612245,
                    352.6530612244898,
                    363.6734693877551,
                    374.6938775510204,
                    385.7142857142857,
                    396.734693877551,
                    407.7551020408163,
                    418.7755102040817,
                    429.795918367347,
                    440.8163265306123,
                    451.8367346938776,
                    462.8571428571429,
                    473.8775510204082,
                    484.8979591836735,
                    495.9183673469388,
                    506.9387755102041,
                    517.9591836734694,
                    528.9795918367347,
                    540.0
                ],
                "distribution": [
                    0.015356597922921692,
                    0.0008367377073386819,
                    0.0005414185165132648,
                    0.0033469508293547277,
                    0.01132056898164099,
                    0.06029433479352266,
                    0.11522370428705025,
                    0.12590441502190283,
                    0.16104739873012747,
                    0.14701973716592018,
                    0.10848058276320323,
                    0.07343603878525373,
                    0.06093419304031107,
                    0.03829305507702909,
                    0.026135748388049416,
                    0.016242555495397944,
                    0.01230496628439238,
                    0.006300142737608899,
                    0.006644681793571886,
                    0.003642270020180145,
                    0.0032485110990795887,
                    0.00103361716788896,
                    0.0007382979770635429,
                    0.0005414185165132648,
                    0.0002460993256878476,
                    0.00029531919082541715,
                    9.843973027513905e-05,
                    0.0002460993256878476,
                    9.843973027513905e-05,
                    0.0,
                    4.9219865137569525e-05,
                    0.0,
                    0.0,
                    0.0,
                    4.9219865137569525e-05,
                    0.0,
                    0.0,
                    0.0,
                    0.0,
                    0.0,
                    0.0,
                    0.0,
                    0.0,
                    0.0,
                    0.0,
                    0.0,
                    0.0,
                    0.0,
                    4.9219865137569525e-05
                ]
            },
            "quantiles": {
                "scale": [
                    33.75,
                    72.0,
                    80.83500000000001,
                    88.185,
                    95.41499999999999,
                    103.815,
                    112.05220000000001,
                    122.85220000000001,
                    139.3,
                    344.5
                ],
                "distribution": [
                    0.09962100703844072,
                    0.09391150268248265,
                    0.10636412856228773,
                    0.10006398582467885,
                    0.10001476595954127,
                    0.09617561647881084,
                    0.1038539154402717,
                    0.09986710636412856,
                    0.09912880838706502,
                    0.10099916326229266
                ]
            },
            "topValues": [
                {
                    "value": 65.0,
                    "count": 470.0
                },
                {
                    "value": 75.0,
                    "count": 456.0
                },
                {
                    "value": 90.0,
                    "count": 396.0
                },
                {
                    "value": 95.0,
                    "count": 379.0
                },
                {
                    "value": 115.0,
                    "count": 338.0
                },
                {
                    "value": 120.0,
                    "count": 338.0
                },
                {
                    "value": 100.0,
                    "count": 327.0
                },
                {
                    "value": 110.0,
                    "count": 300.0
                },
                {
                    "value": 0.0,
                    "count": 285.0
                },
                {
                    "value": 85.0,
                    "count": 275.0
                },
                {
                    "value": 94.5,
                    "count": 266.0
                },
                {
                    "value": 80.0,
                    "count": 241.0
                },
                {
                    "value": 89.0,
                    "count": 229.0
                },
                {
                    "value": 130.0,
                    "count": 228.0
                },
                {
                    "value": 109.0,
                    "count": 217.0
                },
                {
                    "value": 70.0,
                    "count": 207.0
                },
                {
                    "value": 80.75,
                    "count": 194.0
                },
                {
                    "value": 96.3,
                    "count": 179.0
                },
                {
                    "value": 72.25,
                    "count": 169.0
                },
                {
                    "value": 90.95,
                    "count": 161.0
                },
                {
                    "value": 60.0,
                    "count": 157.0
                },
                {
                    "value": 76.5,
                    "count": 154.0
                },
                {
                    "value": 105.0,
                    "count": 143.0
                },
                {
                    "value": 105.3,
                    "count": 143.0
                },
                {
                    "value": 85.5,
                    "count": 141.0
                },
                {
                    "value": 101.5,
                    "count": 135.0
                },
                {
                    "value": 108.0,
                    "count": 134.0
                },
                {
                    "value": 79.0,
                    "count": 122.0
                },
                {
                    "value": 81.0,
                    "count": 118.0
                },
                {
                    "value": 126.9,
                    "count": 116.0
                },
                {
                    "value": 79.2,
                    "count": 115.0
                },
                {
                    "value": 119.0,
                    "count": 109.0
                },
                {
                    "value": 116.1,
                    "count": 105.0
                },
                {
                    "value": 88.0,
                    "count": 104.0
                },
                {
                    "value": 67.0,
                    "count": 96.0
                },
                {
                    "value": 89.25,
                    "count": 96.0
                },
                {
                    "value": 99.45,
                    "count": 96.0
                },
                {
                    "value": 104.0,
                    "count": 94.0
                },
                {
                    "value": 129.0,
                    "count": 93.0
                },
                {
                    "value": 140.4,
                    "count": 93.0
                },
                {
                    "value": 118.8,
                    "count": 92.0
                },
                {
                    "value": 139.0,
                    "count": 92.0
                },
                {
                    "value": 149.4,
                    "count": 91.0
                },
                {
                    "value": 114.3,
                    "count": 86.0
                },
                {
                    "value": 87.0,
                    "count": 85.0
                },
                {
                    "value": 137.7,
                    "count": 84.0
                },
                {
                    "value": 140.0,
                    "count": 82.0
                },
                {
                    "value": 91.0,
                    "count": 81.0
                },
                {
                    "value": 135.9,
                    "count": 81.0
                },
                {
                    "value": 99.0,
                    "count": 80.0
                }
            ]
        },
        "meal_plan": {
            "type": "CATEGORY",
            "nbDistinct": 4,
            "count": 20317,
            "missingCount": 0.0,
            "values": {
                "scale": [
                    "Meal Plan 1",
                    "Not Selected",
                    "Meal Plan 2",
                    "Meal Plan 3"
                ],
                "distribution": [
                    0.7687158537185608,
                    0.14126101294482454,
                    0.08992469360633952,
                    9.843973027513905e-05
                ]
            }
        },
        "month": {
            "type": "NUMERIC",
            "nbDistinct": 12,
            "count": 20317,
            "missingCount": 0.0,
            "histogram": {
                "scale": [
                    1.0,
                    1.2244897959183674,
                    1.4489795918367347,
                    1.6734693877551021,
                    1.8979591836734695,
                    2.1224489795918364,
                    2.3469387755102042,
                    2.571428571428571,
                    2.795918367346939,
                    3.020408163265306,
                    3.2448979591836733,
                    3.4693877551020407,
                    3.693877551020408,
                    3.9183673469387754,
                    4.142857142857142,
                    4.36734693877551,
                    4.591836734693878,
                    4.816326530612245,
                    5.040816326530612,
                    5.26530612244898,
                    5.489795918367347,
                    5.714285714285714,
                    5.938775510204081,
                    6.163265306122449,
                    6.387755102040816,
                    6.612244897959184,
                    6.836734693877551,
                    7.061224489795919,
                    7.285714285714286,
                    7.510204081632653,
                    7.73469387755102,
                    7.959183673469388,
                    8.183673469387756,
                    8.408163265306122,
                    8.63265306122449,
                    8.857142857142858,
                    9.081632653061224,
                    9.306122448979592,
                    9.53061224489796,
                    9.755102040816327,
                    9.979591836734693,
                    10.204081632653061,
                    10.428571428571429,
                    10.653061224489797,
                    10.877551020408163,
                    11.10204081632653,
                    11.326530612244898,
                    11.551020408163266,
                    11.775510204081632,
                    12.0
                ],
                "distribution": [
                    0.027169365555938376,
                    0.0,
                    0.0,
                    0.0,
                    0.045922134173352364,
                    0.0,
                    0.0,
                    0.0,
                    0.0649210021164542,
                    0.0,
                    0.0,
                    0.0,
                    0.0,
                    0.07451887581828026,
                    0.0,
                    0.0,
                    0.0,
                    0.07151646404488851,
                    0.0,
                    0.0,
                    0.0,
                    0.0,
                    0.0878574592705616,
                    0.0,
                    0.0,
                    0.0,
                    0.0821971747797411,
                    0.0,
                    0.0,
                    0.0,
                    0.0,
                    0.10690554707880101,
                    0.0,
                    0.0,
                    0.0,
                    0.12787320962740562,
                    0.0,
                    0.0,
                    0.0,
                    0.0,
                    0.14564158094206822,
                    0.0,
                    0.0,
                    0.0,
                    0.081065117881577,
                    0.0,
                    0.0,
                    0.0,
                    0.08441206871093174
                ]
            },
            "quantiles": {
                "scale": [
                    2.0,
                    3.5,
                    5.0,
                    6.5,
                    7.5,
                    8.5,
                    9.5,
                    10.0,
                    10.5,
                    11.5
                ],
                "distribution": [
                    0.07309149972929074,
                    0.0649210021164542,
                    0.14603533986316877,
                    0.0878574592705616,
                    0.0821971747797411,
                    0.10690554707880101,
                    0.12787320962740562,
                    0.0,
                    0.14564158094206822,
                    0.16547718659250873
                ]
            },
            "topValues": [
                {
                    "value": 10.0,
                    "count": 2959.0
                },
                {
                    "value": 9.0,
                    "count": 2598.0
                },
                {
                    "value": 8.0,
                    "count": 2172.0
                },
                {
                    "value": 6.0,
                    "count": 1785.0
                },
                {
                    "value": 12.0,
                    "count": 1715.0
                },
                {
                    "value": 7.0,
                    "count": 1670.0
                },
                {
                    "value": 11.0,
                    "count": 1647.0
                },
                {
                    "value": 4.0,
                    "count": 1514.0
                },
                {
                    "value": 5.0,
                    "count": 1453.0
                },
                {
                    "value": 3.0,
                    "count": 1319.0
                },
                {
                    "value": 2.0,
                    "count": 933.0
                },
                {
                    "value": 1.0,
                    "count": 552.0
                }
            ]
        },
        "children": {
            "type": "NUMERIC",
            "nbDistinct": 5,
            "count": 20317,
            "missingCount": 0.0,
            "histogram": {
                "scale": [
                    1.0,
                    1.183673469387755,
                    1.3673469387755102,
                    1.5510204081632653,
                    1.7346938775510203,
                    1.9183673469387754,
                    2.1020408163265305,
                    2.2857142857142856,
                    2.4693877551020407,
                    2.6530612244897958,
                    2.836734693877551,
                    3.0204081632653064,
                    3.2040816326530615,
                    3.3877551020408165,
                    3.5714285714285716,
                    3.7551020408163267,
                    3.938775510204082,
                    4.122448979591837,
                    4.3061224489795915,
                    4.4897959183673475,
                    4.673469387755102,
                    4.857142857142858,
                    5.040816326530613,
                    5.224489795918368,
                    5.408163265306123,
                    5.591836734693878,
                    5.775510204081633,
                    5.959183673469388,
                    6.142857142857143,
                    6.326530612244898,
                    6.510204081632653,
                    6.6938775510204085,
                    6.877551020408164,
                    7.061224489795919,
                    7.244897959183674,
                    7.428571428571429,
                    7.612244897959184,
                    7.795918367346939,
                    7.979591836734694,
                    8.16326530612245,
                    8.346938775510203,
                    8.53061224489796,
                    8.714285714285715,
                    8.89795918367347,
                    9.081632653061225,
                    9.26530612244898,
                    9.448979591836736,
                    9.63265306122449,
                    9.816326530612246,
                    10.0
                ],
                "distribution": [
                    0.9686961657725058,
                    0.0,
                    0.0,
                    0.0,
                    0.0,
                    0.030467096520155536,
                    0.0,
                    0.0,
                    0.0,
                    0.0,
                    0.0006890781119259734,
                    0.0,
                    0.0,
                    0.0,
                    0.0,
                    0.0,
                    0.0,
                    0.0,
                    0.0,
                    0.0,
                    0.0,
                    0.0,
                    0.0,
                    0.0,
                    0.0,
                    0.0,
                    0.0,
                    0.0,
                    0.0,
                    0.0,
                    0.0,
                    0.0,
                    0.0,
                    0.0,
                    0.0,
                    0.0,
                    0.0,
                    0.0,
                    0.0,
                    0.0,
                    0.0,
                    0.0,
                    0.0,
                    9.843973027513905e-05,
                    0.0,
                    0.0,
                    0.0,
                    0.0,
                    4.9219865137569525e-05
                ]
            },
            "quantiles": {
                "scale": [
                    1.0,
                    1.0,
                    1.0,
                    1.0,
                    1.0,
                    1.0,
                    1.0,
                    1.0,
                    1.0,
                    5.5
                ],
                "distribution": [
                    0.0,
                    0.0,
                    0.0,
                    0.0,
                    0.0,
                    0.0,
                    0.0,
                    0.0,
                    0.0,
                    1.0
                ]
            },
            "topValues": [
                {
                    "value": 1.0,
                    "count": 19681.0
                },
                {
                    "value": 2.0,
                    "count": 619.0
                },
                {
                    "value": 3.0,
                    "count": 14.0
                },
                {
                    "value": 9.0,
                    "count": 2.0
                },
                {
                    "value": 10.0,
                    "count": 1.0
                }
            ]
        },
        "first_time": {
            "type": "CATEGORY",
            "nbDistinct": 2,
            "count": 20317,
            "missingCount": 0.0,
            "values": {
                "scale": [
                    "Yes",
                    "No"
                ],
                "distribution": [
                    0.975882266082591,
                    0.024117733917409068
                ]
            }
        },
        "lead_time": {
            "type": "NUMERIC",
            "nbDistinct": 347,
            "count": 20317,
            "missingCount": 0.0,
            "histogram": {
                "scale": [
                    0.0,
                    9.040816326530612,
                    18.081632653061224,
                    27.122448979591837,
                    36.16326530612245,
                    45.20408163265306,
                    54.244897959183675,
                    63.285714285714285,
                    72.3265306122449,
                    81.36734693877551,
                    90.40816326530611,
                    99.44897959183673,
                    108.48979591836735,
                    117.53061224489795,
                    126.57142857142857,
                    135.6122448979592,
                    144.6530612244898,
                    153.6938775510204,
                    162.73469387755102,
                    171.77551020408163,
                    180.81632653061223,
                    189.85714285714286,
                    198.89795918367346,
                    207.93877551020407,
                    216.9795918367347,
                    226.0204081632653,
                    235.0612244897959,
                    244.1020408163265,
                    253.14285714285714,
                    262.18367346938777,
                    271.2244897959184,
                    280.265306122449,
                    289.3061224489796,
                    298.3469387755102,
                    307.3877551020408,
                    316.4285714285714,
                    325.46938775510205,
                    334.51020408163265,
                    343.55102040816325,
                    352.59183673469386,
                    361.63265306122446,
                    370.67346938775506,
                    379.7142857142857,
                    388.7551020408163,
                    397.7959183673469,
                    406.83673469387753,
                    415.87755102040813,
                    424.91836734693874,
                    433.9591836734694,
                    443.0
                ],
                "distribution": [
                    0.17788059260717626,
                    0.08145887680267756,
                    0.058374760053157455,
                    0.0660530590146183,
                    0.05645518531279224,
                    0.040655608603632425,
                    0.04646355268986563,
                    0.04114780725500812,
                    0.03657035979721415,
                    0.03302652950730915,
                    0.02879362110547817,
                    0.03209135206969533,
                    0.027218585421075945,
                    0.02264113796328198,
                    0.01958950632475267,
                    0.016833193877048777,
                    0.019934045380715658,
                    0.016833193877048777,
                    0.01643943495594822,
                    0.014913619136683565,
                    0.016144115765122802,
                    0.01456908008072058,
                    0.008908795589900084,
                    0.009794753162376334,
                    0.009991632622926613,
                    0.005217305704582369,
                    0.004725107053206674,
                    0.008465816803661957,
                    0.008958015455037653,
                    0.008810355859624945,
                    0.011714327902741547,
                    0.003297730964217158,
                    0.005512624895407787,
                    0.008564256533937097,
                    0.00413446867155584,
                    0.005660284490820495,
                    0.0007382979770635429,
                    0.0017226952798149334,
                    0.0029531919082541715,
                    0.0007382979770635429,
                    0.0,
                    0.0014765959541270858,
                    0.0020180144706403503,
                    0.0,
                    0.0,
                    0.0,
                    0.0016242555495397943,
                    0.0005906383816508343,
                    0.00029531919082541715
                ]
            },
            "quantiles": {
                "scale": [
                    2.0,
                    8.0,
                    18.5,
                    32.0,
                    48.5,
                    69.0,
                    94.5,
                    130.0,
                    182.0,
                    328.0
                ],
                "distribution": [
                    0.0977014322980755,
                    0.099817886498991,
                    0.1023773194861446,
                    0.09760299256780036,
                    0.10213122016045675,
                    0.0970615740512871,
                    0.10227887975586947,
                    0.09971944676871586,
                    0.10016242555495398,
                    0.10114682285770538
                ]
            },
            "topValues": [
                {
                    "value": 0.0,
                    "count": 699.0
                },
                {
                    "value": 1.0,
                    "count": 595.0
                },
                {
                    "value": 4.0,
                    "count": 363.0
                },
                {
                    "value": 2.0,
                    "count": 354.0
                },
                {
                    "value": 3.0,
                    "count": 337.0
                },
                {
                    "value": 5.0,
                    "count": 320.0
                },
                {
                    "value": 6.0,
                    "count": 272.0
                },
                {
                    "value": 8.0,
                    "count": 247.0
                },
                {
                    "value": 7.0,
                    "count": 244.0
                },
                {
                    "value": 12.0,
                    "count": 228.0
                },
                {
                    "value": 11.0,
                    "count": 210.0
                },
                {
                    "value": 14.0,
                    "count": 192.0
                },
                {
                    "value": 10.0,
                    "count": 189.0
                },
                {
                    "value": 13.0,
                    "count": 189.0
                },
                {
                    "value": 9.0,
                    "count": 183.0
                },
                {
                    "value": 37.0,
                    "count": 183.0
                },
                {
                    "value": 39.0,
                    "count": 174.0
                },
                {
                    "value": 17.0,
                    "count": 170.0
                },
                {
                    "value": 19.0,
                    "count": 169.0
                },
                {
                    "value": 30.0,
                    "count": 167.0
                },
                {
                    "value": 18.0,
                    "count": 165.0
                },
                {
                    "value": 32.0,
                    "count": 164.0
                },
                {
                    "value": 15.0,
                    "count": 163.0
                },
                {
                    "value": 36.0,
                    "count": 160.0
                },
                {
                    "value": 28.0,
                    "count": 151.0
                },
                {
                    "value": 56.0,
                    "count": 150.0
                },
                {
                    "value": 16.0,
                    "count": 149.0
                },
                {
                    "value": 31.0,
                    "count": 149.0
                },
                {
                    "value": 35.0,
                    "count": 146.0
                },
                {
                    "value": 34.0,
                    "count": 144.0
                },
                {
                    "value": 71.0,
                    "count": 143.0
                },
                {
                    "value": 29.0,
                    "count": 142.0
                },
                {
                    "value": 21.0,
                    "count": 140.0
                },
                {
                    "value": 22.0,
                    "count": 138.0
                },
                {
                    "value": 40.0,
                    "count": 138.0
                },
                {
                    "value": 20.0,
                    "count": 134.0
                },
                {
                    "value": 74.0,
                    "count": 133.0
                },
                {
                    "value": 102.0,
                    "count": 133.0
                },
                {
                    "value": 55.0,
                    "count": 129.0
                },
                {
                    "value": 44.0,
                    "count": 124.0
                },
                {
                    "value": 23.0,
                    "count": 123.0
                },
                {
                    "value": 27.0,
                    "count": 122.0
                },
                {
                    "value": 25.0,
                    "count": 121.0
                },
                {
                    "value": 41.0,
                    "count": 121.0
                },
                {
                    "value": 24.0,
                    "count": 120.0
                },
                {
                    "value": 26.0,
                    "count": 119.0
                },
                {
                    "value": 33.0,
                    "count": 119.0
                },
                {
                    "value": 64.0,
                    "count": 118.0
                },
                {
                    "value": 60.0,
                    "count": 115.0
                },
                {
                    "value": 49.0,
                    "count": 113.0
                }
            ]
        },
        "weekend_nights": {
            "type": "NUMERIC",
            "nbDistinct": 7,
            "count": 20317,
            "missingCount": 0.0,
            "histogram": {
                "scale": [
                    1.0,
                    1.1224489795918366,
                    1.2448979591836735,
                    1.3673469387755102,
                    1.489795918367347,
                    1.6122448979591837,
                    1.7346938775510203,
                    1.8571428571428572,
                    1.9795918367346939,
                    2.1020408163265305,
                    2.2244897959183674,
                    2.3469387755102042,
                    2.4693877551020407,
                    2.5918367346938775,
                    2.7142857142857144,
                    2.836734693877551,
                    2.9591836734693877,
                    3.0816326530612246,
                    3.204081632653061,
                    3.326530612244898,
                    3.4489795918367347,
                    3.571428571428571,
                    3.693877551020408,
                    3.816326530612245,
                    3.9387755102040813,
                    4.061224489795919,
                    4.183673469387755,
                    4.3061224489795915,
                    4.428571428571429,
                    4.551020408163265,
                    4.673469387755102,
                    4.795918367346939,
                    4.918367346938775,
                    5.040816326530612,
                    5.163265306122449,
                    5.285714285714286,
                    5.408163265306122,
                    5.530612244897959,
                    5.653061224489796,
                    5.775510204081632,
                    5.8979591836734695,
                    6.020408163265306,
                    6.142857142857142,
                    6.26530612244898,
                    6.387755102040816,
                    6.5102040816326525,
                    6.63265306122449,
                    6.755102040816326,
                    6.877551020408163,
                    7.0
                ],
                "distribution": [
                    0.73632918245804,
                    0.0,
                    0.0,
                    0.0,
                    0.0,
                    0.0,
                    0.0,
                    0.0,
                    0.25412216370527146,
                    0.0,
                    0.0,
                    0.0,
                    0.0,
                    0.0,
                    0.0,
                    0.0,
                    0.004429787862381257,
                    0.0,
                    0.0,
                    0.0,
                    0.0,
                    0.0,
                    0.0,
                    0.0,
                    0.003839149480730423,
                    0.0,
                    0.0,
                    0.0,
                    0.0,
                    0.0,
                    0.0,
                    0.0,
                    0.0008367377073386819,
                    0.0,
                    0.0,
                    0.0,
                    0.0,
                    0.0,
                    0.0,
                    0.0,
                    0.0003937589211005562,
                    0.0,
                    0.0,
                    0.0,
                    0.0,
                    0.0,
                    0.0,
                    0.0,
                    4.9219865137569525e-05
                ]
            },
            "quantiles": {
                "scale": [
                    1.0,
                    1.0,
                    1.0,
                    1.0,
                    1.0,
                    1.0,
                    1.0,
                    1.5,
                    2.0,
                    4.5
                ],
                "distribution": [
                    0.0,
                    0.0,
                    0.0,
                    0.0,
                    0.0,
                    0.0,
                    0.0,
                    0.73632918245804,
                    0.0,
                    0.2636708175419599
                ]
            },
            "topValues": [
                {
                    "value": 1.0,
                    "count": 14960.0
                },
                {
                    "value": 2.0,
                    "count": 5163.0
                },
                {
                    "value": 3.0,
                    "count": 90.0
                },
                {
                    "value": 4.0,
                    "count": 78.0
                },
                {
                    "value": 5.0,
                    "count": 17.0
                },
                {
                    "value": 6.0,
                    "count": 8.0
                },
                {
                    "value": 7.0,
                    "count": 1.0
                }
            ]
        },
        "day": {
            "type": "NUMERIC",
            "nbDistinct": 31,
            "count": 20317,
            "missingCount": 0.0,
            "histogram": {
                "scale": [
                    1.0,
                    1.6122448979591837,
                    2.2244897959183674,
                    2.836734693877551,
                    3.4489795918367347,
                    4.061224489795919,
                    4.673469387755102,
                    5.285714285714286,
                    5.8979591836734695,
                    6.510204081632653,
                    7.122448979591837,
                    7.73469387755102,
                    8.346938775510203,
                    8.959183673469388,
                    9.571428571428571,
                    10.183673469387756,
                    10.795918367346939,
                    11.408163265306122,
                    12.020408163265307,
                    12.63265306122449,
                    13.244897959183675,
                    13.857142857142858,
                    14.46938775510204,
                    15.081632653061225,
                    15.693877551020408,
                    16.306122448979593,
                    16.918367346938776,
                    17.53061224489796,
                    18.142857142857142,
                    18.755102040816325,
                    19.367346938775512,
                    19.979591836734695,
                    20.591836734693878,
                    21.20408163265306,
                    21.816326530612244,
                    22.42857142857143,
                    23.040816326530614,
                    23.653061224489797,
                    24.26530612244898,
                    24.877551020408163,
                    25.48979591836735,
                    26.102040816326532,
                    26.714285714285715,
                    27.3265306122449,
                    27.93877551020408,
                    28.551020408163264,
                    29.16326530612245,
                    29.775510204081634,
                    30.387755102040817,
                    31.0
                ],
                "distribution": [
                    0.031549933553182065,
                    0.038588374267854504,
                    0.0,
                    0.030319436924742826,
                    0.03691489885317714,
                    0.0,
                    0.03174681301373234,
                    0.0,
                    0.03597972141556332,
                    0.02997489786877984,
                    0.0,
                    0.03174681301373234,
                    0.0,
                    0.031500713688044496,
                    0.03174681301373234,
                    0.0,
                    0.02997489786877984,
                    0.03273121031648373,
                    0.0,
                    0.03725943790914013,
                    0.0,
                    0.03351872815868485,
                    0.0339124870797854,
                    0.0,
                    0.03627504060638874,
                    0.0,
                    0.038489934537579366,
                    0.03415858640547325,
                    0.0,
                    0.035044543977949504,
                    0.0,
                    0.03401092681006054,
                    0.0310085150366688,
                    0.0,
                    0.028301422454102474,
                    0.02667716690456268,
                    0.0,
                    0.03091007530639366,
                    0.0,
                    0.03297730964217158,
                    0.032534330855933456,
                    0.0,
                    0.02997489786877984,
                    0.0,
                    0.03145149382290693,
                    0.03145149382290693,
                    0.0,
                    0.03386326721464783,
                    0.01540581778805926
                ]
            },
            "quantiles": {
                "scale": [
                    2.0,
                    4.5,
                    8.0,
                    11.5,
                    14.5,
                    17.0,
                    19.5,
                    23.0,
                    26.5,
                    29.5
                ],
                "distribution": [
                    0.07013830782103657,
                    0.0989811487916523,
                    0.12920214598612,
                    0.09445292119899591,
                    0.10469065314761038,
                    0.0747649751439681,
                    0.1032140571934833,
                    0.11689717970172761,
                    0.09548653836688488,
                    0.11217207264852094
                ]
            },
            "topValues": [
                {
                    "value": 2.0,
                    "count": 784.0
                },
                {
                    "value": 17.0,
                    "count": 782.0
                },
                {
                    "value": 13.0,
                    "count": 757.0
                },
                {
                    "value": 4.0,
                    "count": 750.0
                },
                {
                    "value": 16.0,
                    "count": 737.0
                },
                {
                    "value": 6.0,
                    "count": 731.0
                },
                {
                    "value": 19.0,
                    "count": 712.0
                },
                {
                    "value": 18.0,
                    "count": 694.0
                },
                {
                    "value": 20.0,
                    "count": 691.0
                },
                {
                    "value": 15.0,
                    "count": 689.0
                },
                {
                    "value": 30.0,
                    "count": 688.0
                },
                {
                    "value": 14.0,
                    "count": 681.0
                },
                {
                    "value": 25.0,
                    "count": 670.0
                },
                {
                    "value": 12.0,
                    "count": 665.0
                },
                {
                    "value": 26.0,
                    "count": 661.0
                },
                {
                    "value": 8.0,
                    "count": 645.0
                },
                {
                    "value": 5.0,
                    "count": 645.0
                },
                {
                    "value": 10.0,
                    "count": 645.0
                },
                {
                    "value": 1.0,
                    "count": 641.0
                },
                {
                    "value": 9.0,
                    "count": 640.0
                },
                {
                    "value": 28.0,
                    "count": 639.0
                },
                {
                    "value": 29.0,
                    "count": 639.0
                },
                {
                    "value": 21.0,
                    "count": 630.0
                },
                {
                    "value": 24.0,
                    "count": 628.0
                },
                {
                    "value": 3.0,
                    "count": 616.0
                },
                {
                    "value": 11.0,
                    "count": 609.0
                },
                {
                    "value": 7.0,
                    "count": 609.0
                },
                {
                    "value": 27.0,
                    "count": 609.0
                },
                {
                    "value": 22.0,
                    "count": 575.0
                },
                {
                    "value": 23.0,
                    "count": 542.0
                },
                {
                    "value": 31.0,
                    "count": 313.0
                }
            ]
        },
        "room_type_reserved": {
            "type": "CATEGORY",
            "nbDistinct": 7,
            "count": 20317,
            "missingCount": 0.0,
            "values": {
                "scale": [
                    "Room_Type 1",
                    "Room_Type 4",
                    "Room_Type 6",
                    "Room_Type 2",
                    "Room_Type 5",
                    "Room_Type 7",
                    "Room_Type 3"
                ],
                "distribution": [
                    0.7717182654919525,
                    0.1698577545897524,
                    0.028202982723827336,
                    0.019294187133927252,
                    0.006497022198159177,
                    0.00418368853669341,
                    0.0002460993256878476
                ]
            }
        },
        "market_type": {
            "type": "CATEGORY",
            "nbDistinct": 5,
            "count": 20317,
            "missingCount": 0.0,
            "values": {
                "scale": [
                    "Online",
                    "Offline",
                    "Corporate",
                    "Complementary",
                    "Aviation"
                ],
                "distribution": [
                    0.643500516808584,
                    0.28670571442634246,
                    0.05576610720086627,
                    0.010631490869715017,
                    0.003396170694492297
                ]
            }
        },
        "day_of_week": {
            "type": "NUMERIC",
            "nbDistinct": 7,
            "count": 20317,
            "missingCount": 0.0,
            "histogram": {
                "scale": [
                    1.0,
                    1.1224489795918366,
                    1.2448979591836735,
                    1.3673469387755102,
                    1.489795918367347,
                    1.6122448979591837,
                    1.7346938775510203,
                    1.8571428571428572,
                    1.9795918367346939,
                    2.1020408163265305,
                    2.2244897959183674,
                    2.3469387755102042,
                    2.4693877551020407,
                    2.5918367346938775,
                    2.7142857142857144,
                    2.836734693877551,
                    2.9591836734693877,
                    3.0816326530612246,
                    3.204081632653061,
                    3.326530612244898,
                    3.4489795918367347,
                    3.571428571428571,
                    3.693877551020408,
                    3.816326530612245,
                    3.9387755102040813,
                    4.061224489795919,
                    4.183673469387755,
                    4.3061224489795915,
                    4.428571428571429,
                    4.551020408163265,
                    4.673469387755102,
                    4.795918367346939,
                    4.918367346938775,
                    5.040816326530612,
                    5.163265306122449,
                    5.285714285714286,
                    5.408163265306122,
                    5.530612244897959,
                    5.653061224489796,
                    5.775510204081632,
                    5.8979591836734695,
                    6.020408163265306,
                    6.142857142857142,
                    6.26530612244898,
                    6.387755102040816,
                    6.5102040816326525,
                    6.63265306122449,
                    6.755102040816326,
                    6.877551020408163,
                    7.0
                ],
                "distribution": [
                    0.1483978933897721,
                    0.0,
                    0.0,
                    0.0,
                    0.0,
                    0.0,
                    0.0,
                    0.0,
                    0.1384062607668455,
                    0.0,
                    0.0,
                    0.0,
                    0.0,
                    0.0,
                    0.0,
                    0.0,
                    0.1387015799576709,
                    0.0,
                    0.0,
                    0.0,
                    0.0,
                    0.0,
                    0.0,
                    0.0,
                    0.12679037259437909,
                    0.0,
                    0.0,
                    0.0,
                    0.0,
                    0.0,
                    0.0,
                    0.0,
                    0.1285622877393316,
                    0.0,
                    0.0,
                    0.0,
                    0.0,
                    0.0,
                    0.0,
                    0.0,
                    0.14913619136683565,
                    0.0,
                    0.0,
                    0.0,
                    0.0,
                    0.0,
                    0.0,
                    0.0,
                    0.17000541418516513
                ]
            },
            "quantiles": {
                "scale": [
                    1.0,
                    1.5,
                    2.5,
                    3.0,
                    3.5,
                    4.5,
                    5.5,
                    6.0,
                    6.5,
                    7.0
                ],
                "distribution": [
                    0.0,
                    0.1483978933897721,
                    0.1384062607668455,
                    0.0,
                    0.1387015799576709,
                    0.12679037259437909,
                    0.1285622877393316,
                    0.0,
                    0.14913619136683565,
                    0.17000541418516513
                ]
            },
            "topValues": [
                {
                    "value": 7.0,
                    "count": 3454.0
                },
                {
                    "value": 6.0,
                    "count": 3030.0
                },
                {
                    "value": 1.0,
                    "count": 3015.0
                },
                {
                    "value": 3.0,
                    "count": 2818.0
                },
                {
                    "value": 2.0,
                    "count": 2812.0
                },
                {
                    "value": 5.0,
                    "count": 2612.0
                },
                {
                    "value": 4.0,
                    "count": 2576.0
                }
            ]
        }
    }
}