{
    "perClassFacts": {
        "unique": {
            "lead_time": {
                "impact": 0.7010039680576399,
                "rank": 1,
                "feature": "lead_time",
                "correlation": 0.7755329040562021,
                "type": "NUMERICAL"
            },
            "market_type": {
                "impact": 0.6669811875653117,
                "rank": 2,
                "feature": "market_type",
                "positiveCategoricalValue": "Online",
                "negativeCategoricalValue": "Offline",
                "infoGain": 0.5456023290183112,
                "type": "CATEGORICAL"
            },
            "number_of_special_requests": {
                "impact": 0.6318965041330784,
                "rank": 3,
                "feature": "number_of_special_requests",
                "correlation": -0.7619064384845269,
                "type": "NUMERICAL"
            },
            "avg_price_per_room": {
                "impact": 0.3540968717952393,
                "rank": 4,
                "feature": "avg_price_per_room",
                "correlation": 0.7023262590019393,
                "type": "NUMERICAL"
            }
        }
    }
}