{
    "predictedClassCountPerCut": [
        {
            "Canceled": 5059,
            "Not_Canceled": 16
        },
        {
            "Canceled": 4806,
            "Not_Canceled": 269
        },
        {
            "Canceled": 4581,
            "Not_Canceled": 494
        },
        {
            "Canceled": 4322,
            "Not_Canceled": 753
        },
        {
            "Canceled": 4096,
            "Not_Canceled": 979
        },
        {
            "Canceled": 3881,
            "Not_Canceled": 1194
        },
        {
            "Canceled": 3629,
            "Not_Canceled": 1446
        },
        {
            "Canceled": 3401,
            "Not_Canceled": 1674
        },
        {
            "Canceled": 3190,
            "Not_Canceled": 1885
        },
        {
            "Canceled": 2981,
            "Not_Canceled": 2094
        },
        {
            "Canceled": 2815,
            "Not_Canceled": 2260
        },
        {
            "Canceled": 2684,
            "Not_Canceled": 2391
        },
        {
            "Not_Canceled": 2561,
            "Canceled": 2514
        },
        {
            "Not_Canceled": 2746,
            "Canceled": 2329
        },
        {
            "Not_Canceled": 2915,
            "Canceled": 2160
        },
        {
            "Not_Canceled": 3048,
            "Canceled": 2027
        },
        {
            "Not_Canceled": 3165,
            "Canceled": 1910
        },
        {
            "Not_Canceled": 3249,
            "Canceled": 1826
        },
        {
            "Not_Canceled": 3336,
            "Canceled": 1739
        },
        {
            "Not_Canceled": 3400,
            "Canceled": 1675
        },
        {
            "Not_Canceled": 3436,
            "Canceled": 1639
        },
        {
            "Not_Canceled": 3473,
            "Canceled": 1602
        },
        {
            "Not_Canceled": 3513,
            "Canceled": 1562
        },
        {
            "Not_Canceled": 3555,
            "Canceled": 1520
        },
        {
            "Not_Canceled": 3603,
            "Canceled": 1472
        },
        {
            "Not_Canceled": 3644,
            "Canceled": 1431
        },
        {
            "Not_Canceled": 3681,
            "Canceled": 1394
        },
        {
            "Not_Canceled": 3754,
            "Canceled": 1321
        },
        {
            "Not_Canceled": 3816,
            "Canceled": 1259
        },
        {
            "Not_Canceled": 3878,
            "Canceled": 1197
        },
        {
            "Not_Canceled": 3963,
            "Canceled": 1112
        },
        {
            "Not_Canceled": 4091,
            "Canceled": 984
        },
        {
            "Not_Canceled": 4229,
            "Canceled": 846
        },
        {
            "Not_Canceled": 4382,
            "Canceled": 693
        },
        {
            "Not_Canceled": 4437,
            "Canceled": 638
        },
        {
            "Not_Canceled": 4498,
            "Canceled": 577
        },
        {
            "Not_Canceled": 4582,
            "Canceled": 493
        },
        {
            "Not_Canceled": 4664,
            "Canceled": 411
        },
        {
            "Not_Canceled": 4774,
            "Canceled": 301
        },
        {
            "Not_Canceled": 4927,
            "Canceled": 148
        }
    ],
    "cuts": [
        0.0,
        0.025,
        0.05,
        0.075,
        0.1,
        0.125,
        0.15,
        0.175,
        0.2,
        0.225,
        0.25,
        0.275,
        0.3,
        0.325,
        0.35,
        0.375,
        0.4,
        0.425,
        0.45,
        0.475,
        0.5,
        0.525,
        0.55,
        0.575,
        0.6,
        0.625,
        0.65,
        0.675,
        0.7,
        0.725,
        0.75,
        0.775,
        0.8,
        0.825,
        0.85,
        0.875,
        0.9,
        0.925,
        0.95,
        0.975
    ],
    "predictedClassCount": {
        "Not_Canceled": 3473,
        "Canceled": 1602
    },
    "probabilityDensities": {
        "Not_Canceled": {
            "density": [
                0.504796030388168,
                0.5610780130199318,
                0.6114572717018435,
                0.6541738687453569,
                0.6881137405326638,
                0.7129303703063703,
                0.7290731017147842,
                0.7377175094038116,
                0.7406077371299467,
                0.7398328944764955,
                0.7375677277552573,
                0.735811138605104,
                0.7361549083719019,
                0.7396099533227336,
                0.7465095456670798,
                0.7564991407891071,
                0.7686116821890167,
                0.7814165349139911,
                0.7932207412239828,
                0.8022944601952379,
                0.8070895101886032,
                0.8064216754452539,
                0.7995938452443571,
                0.7864471303658986,
                0.7673390039531759,
                0.7430589538529135,
                0.7147009333425415,
                0.683516522619568,
                0.6507726204331137,
                0.6176331871605278,
                0.5850774187606336,
                0.5538585520631858,
                0.5245000702121996,
                0.4973207496133413,
                0.4724774452069994,
                0.4500146947985106,
                0.4299124751758233,
                0.4121267521892525,
                0.39662077808156565,
                0.3833875741486362,
                0.37246527049462513,
                0.3639469798355116,
                0.3579860463867772,
                0.35479641448024785,
                0.35464707590146344,
                0.3578494672919071,
                0.36473740056615295,
                0.37564042561061306,
                0.39085303166061536,
                0.41060329438192916,
                0.4350250454227166,
                0.4641371631138995,
                0.49783222354342826,
                0.5358748547143779,
                0.5779082355447488,
                0.623465844668114,
                0.6719852221064276,
                0.7228213087009521,
                0.7752586716341668,
                0.8285240879799569,
                0.8818028291592698,
                0.9342628562562664,
                0.9850904977306574,
                1.033538913531287,
                1.0789870904015197,
                1.1210030304882606,
                1.159401240416083,
                1.1942826920600158,
                1.2260459517762217,
                1.2553614903554748,
                1.2831069423633596,
                1.3102682545660949,
                1.3378187344528907,
                1.3665933259898417,
                1.397177624117417,
                1.4298294701729624,
                1.4644455987240534,
                1.50057774959731,
                1.5374935665370664,
                1.5742693649015793,
                1.6098961556060758,
                1.643378288238888,
                1.6738060806914572,
                1.7003894077786168,
                1.722447359233429,
                1.7393582826261438,
                1.7504832007331146,
                1.7550822360047893,
                1.752247064791567,
                1.7408717531321454,
                1.7196793209513157,
                1.6873124170301161,
                1.6424846683094585,
                1.5841764221048782,
                1.51184710843325,
                1.4256288634116343,
                1.3264645350588853,
                1.2161588865365116,
                1.0973243560683703,
                0.9732200941143859
            ],
            "median": 0.7036991324629054
        },
        "Canceled": {
            "density": [
                0.9732200941144049,
                1.0973243560683916,
                1.2161588865364814,
                1.3264645350588757,
                1.4256288634116496,
                1.5118471084332286,
                1.58417642210485,
                1.642484668309476,
                1.6873124170300862,
                1.7196793209513006,
                1.7408717531321516,
                1.7522470647915733,
                1.7550822360047456,
                1.7504832007330524,
                1.7393582826261313,
                1.7224473592334353,
                1.700389407778653,
                1.6738060806914867,
                1.643378288238888,
                1.6098961556060587,
                1.5742693649015402,
                1.5374935665370282,
                1.500577749597342,
                1.4644455987240794,
                1.4298294701729624,
                1.3971776241174367,
                1.3665933259898466,
                1.3378187344529002,
                1.31026825456606,
                1.2831069423633528,
                1.2553614903554593,
                1.2260459517762239,
                1.1942826920599947,
                1.159401240416083,
                1.1210030304882626,
                1.078987090401514,
                1.0335389135312758,
                0.9850904977306574,
                0.934262856256253,
                0.881802829159254,
                0.828524087979948,
                0.7752586716341641,
                0.7228213087009469,
                0.6719852221064444,
                0.6234658446681196,
                0.5779082355447461,
                0.5358748547143731,
                0.49783222354343004,
                0.4641371631139082,
                0.4350250454227119,
                0.41060329438192517,
                0.39085303166062296,
                0.3756404256106137,
                0.3647374005661581,
                0.3578494672919004,
                0.35464707590146943,
                0.35479641448024657,
                0.35798604638677306,
                0.3639469798355126,
                0.37246527049463835,
                0.38338757414863556,
                0.3966207780815695,
                0.412126752189258,
                0.4299124751758096,
                0.4500146947985126,
                0.47247744520698853,
                0.49732074961334344,
                0.5245000702122028,
                0.5538585520631795,
                0.5850774187606341,
                0.6176331871605301,
                0.6507726204331148,
                0.6835165226195583,
                0.7147009333425479,
                0.7430589538529109,
                0.767339003953184,
                0.7864471303659097,
                0.79959384524434,
                0.8064216754452468,
                0.8070895101886003,
                0.8022944601952293,
                0.7932207412239842,
                0.7814165349139883,
                0.7686116821890167,
                0.756499140789099,
                0.7465095456670732,
                0.7396099533227323,
                0.7361549083719177,
                0.7358111386051118,
                0.7375677277552519,
                0.7398328944765047,
                0.740607737129944,
                0.7377175094038064,
                0.7290731017147842,
                0.7129303703063627,
                0.6881137405326541,
                0.6541738687453558,
                0.6114572717018391,
                0.5610780130199338,
                0.5047960303881766
            ],
            "median": 0.296300867537095
        }
    }
}