{
    "modelInputNRows": 20317,
    "modelInputNCols": 42,
    "modelInputIsSparse": false,
    "modelInputMemory": 6826512,
    "rawImportance": {
        "variables": [
            "previous_cancellations",
            "week_nights",
            "number_of_special_requests",
            "year",
            "adults",
            "avg_price_per_room",
            "month",
            "children",
            "lead_time",
            "weekend_nights",
            "day",
            "day_of_week",
            "dummy:parking_request:No",
            "dummy:parking_request:Yes",
            "dummy:meal_plan:Meal Plan 1",
            "dummy:meal_plan:Not Selected",
            "dummy:meal_plan:Meal Plan 2",
            "dummy:meal_plan:Meal Plan 3",
            "dummy:first_time:Yes",
            "dummy:first_time:No",
            "dummy:room_type_reserved:Room_Type 1",
            "dummy:room_type_reserved:Room_Type 4",
            "dummy:room_type_reserved:Room_Type 6",
            "dummy:room_type_reserved:Room_Type 2",
            "dummy:room_type_reserved:Room_Type 5",
            "dummy:market_type:Online",
            "dummy:market_type:Offline",
            "dummy:market_type:Corporate",
            "dummy:market_type:Complementary",
            "dummy:market_type:Aviation"
        ],
        "importances": [
            0.000524339257691809,
            7.490680238919222e-05,
            0.19199376594696946,
            0.0418310321154032,
            0.013591559132461163,
            0.08909355382684579,
            0.056958614957140205,
            0.000954097099789805,
            0.44456884462795054,
            0.01388626929703407,
            0.004794839604402496,
            0.0037510803411340042,
            0.0022855847478760864,
            0.00843111749421297,
            0.00217253642610565,
            0.002112557878733303,
            0.011313851404464354,
            2.575366022428717e-06,
            0.002867037088052448,
            0.008923080689960852,
            0.001266442876422973,
            0.0028923760324543533,
            0.0007416448730129273,
            0.0002799159946781484,
            0.0003127635670194091,
            0.05142447984280184,
            0.033746700277537796,
            0.008493370965637077,
            0.0006750889365352833,
            3.5972529260349286e-05
        ]
    },
    "partialDependencies": [
        {
            "feature": "previous_cancellations",
            "featureBins": [
                0.0,
                1.0,
                2.0000000000000004,
                3.0,
                4.0,
                5.0,
                11.0,
                13.000000000000002
            ],
            "data": [
                [
                    -0.3116512022998402,
                    -0.39608513706148274,
                    -0.39608513706148274,
                    -0.39608513706148274,
                    -0.39608513706148274,
                    -0.39608513706148274,
                    -0.39608513706148274,
                    -0.3757525788266097
                ]
            ]
        },
        {
            "feature": "week_nights",
            "featureBins": [
                1.0,
                2.0,
                3.0,
                4.0,
                5.0
            ],
            "data": [
                [
                    -0.31266706978522335,
                    -0.31251402279914353,
                    -0.31251402279914353,
                    -0.31251402279914353,
                    0.09913934649170247
                ]
            ]
        },
        {
            "feature": "number_of_special_requests",
            "featureBins": [
                0.0,
                1.0,
                2.0,
                3.0,
                4.0,
                5.0
            ],
            "data": [
                [
                    0.37954610548306195,
                    -0.8494993165618328,
                    -1.5572759802607983,
                    -2.2781517951850523,
                    -2.2781517951850523,
                    -2.2781517951850523
                ]
            ]
        },
        {
            "feature": "year",
            "featureBins": [
                2017.0,
                2018.0
            ],
            "data": [
                [
                    -0.815024267426415,
                    -0.20697956912269178
                ]
            ]
        },
        {
            "feature": "adults",
            "featureBins": [
                1.0,
                2.0,
                3.0,
                4.0
            ],
            "data": [
                [
                    -0.5358724063009109,
                    -0.25025301268549954,
                    -0.27122563926508264,
                    -0.27122563926508264
                ]
            ]
        },
        {
            "feature": "avg_price_per_room",
            "featureBins": [
                61.0,
                62.065393939393935,
                63.13078787878788,
                64.19618181818181,
                65.26157575757574,
                66.32696969696968,
                67.39236363636363,
                68.45775757575757,
                69.5231515151515,
                70.58854545454544,
                71.65393939393937,
                72.71933333333331,
                73.78472727272725,
                74.85012121212118,
                75.91551515151512,
                76.98090909090907,
                78.046303030303,
                79.11169696969694,
                80.17709090909088,
                81.2424848484848,
                82.30787878787875,
                83.37327272727268,
                84.43866666666662,
                85.50406060606056,
                86.56945454545449,
                87.63484848484843,
                88.70024242424236,
                89.7656363636363,
                90.83103030303025,
                91.89642424242419,
                92.96181818181812,
                94.02721212121206,
                95.09260606060599,
                96.15799999999993,
                97.22339393939387,
                98.28878787878782,
                99.35418181818174,
                100.41957575757569,
                101.48496969696961,
                102.55036363636356,
                103.6157575757575,
                104.68115151515143,
                105.74654545454537,
                106.8119393939393,
                107.87733333333324,
                108.94272727272718,
                110.00812121212111,
                111.07351515151505,
                112.13890909090898,
                113.20430303030292,
                114.26969696969687,
                115.3350909090908,
                116.40048484848474,
                117.46587878787867,
                118.53127272727262,
                119.59666666666655,
                120.66206060606049,
                121.72745454545444,
                122.79284848484836,
                123.8582424242423,
                124.92363636363623,
                125.98903030303018,
                127.05442424242412,
                128.11981818181806,
                129.18521212121198,
                130.25060606060592,
                131.31599999999986,
                132.3813939393938,
                133.44678787878775,
                134.5121818181817,
                135.57757575757563,
                136.64296969696954,
                137.7083636363635,
                138.77375757575743,
                139.83915151515137,
                140.9045454545453,
                141.96993939393923,
                143.03533333333317,
                144.1007272727271,
                145.16612121212106,
                146.231515151515,
                147.2969090909089,
                148.36230303030285,
                149.4276969696968,
                150.49309090909074,
                151.55848484848468,
                152.6238787878786,
                153.68927272727254,
                154.75466666666648,
                155.82006060606042,
                156.88545454545437,
                157.95084848484828,
                159.01624242424222,
                160.08163636363616,
                161.1470303030301,
                162.21242424242405,
                163.27781818181796,
                164.3432121212119,
                165.40860606060585,
                166.4739999999998
            ],
            "data": [
                [
                    -0.5442862916879807,
                    -0.7203971125960055,
                    -0.7203971125960055,
                    -0.7203971125960055,
                    -0.7203971125960055,
                    -0.7203971125960055,
                    -0.7205991698988172,
                    -0.7205991698988172,
                    -0.7205991698988172,
                    -0.7205991698988172,
                    -0.7205991698988172,
                    -0.7205991698988172,
                    -0.6494218711584545,
                    -0.6252996518290828,
                    -0.6252996518290828,
                    -0.6252996518290828,
                    -0.6253403048783097,
                    -0.6253403048783097,
                    -0.6441782176615543,
                    -0.6441782176615543,
                    -0.6441782176615543,
                    -0.6441782176615543,
                    -0.6445543323163043,
                    -0.6445543323163043,
                    -0.6445543323163043,
                    -0.6445543323163043,
                    -0.6445543323163043,
                    -0.5355667965385785,
                    -0.5355667965385785,
                    -0.5355749257279363,
                    -0.5355749257279363,
                    -0.528274709493076,
                    -0.5275308371739998,
                    -0.5278700872686983,
                    -0.5278700872686983,
                    -0.5278700872686983,
                    -0.5250938023961805,
                    -0.10039612721714491,
                    -0.10661778720987346,
                    -0.10458998540548625,
                    -0.10558321877464544,
                    -0.10558321877464544,
                    -0.10558321877464544,
                    -0.10558321877464544,
                    -0.10558321877464544,
                    -0.10558321877464544,
                    0.03172022619312789,
                    0.03172022619312789,
                    0.03172022619312789,
                    0.03172022619312789,
                    0.04691742061137333,
                    0.0652704710576265,
                    0.04177183404098808,
                    0.04177183404098808,
                    0.04177183404098808,
                    0.040166312842539194,
                    0.040166312842539194,
                    0.040166312842539194,
                    0.040166312842539194,
                    0.040166312842539194,
                    0.040166312842539194,
                    0.040166312842539194,
                    0.04927652137316971,
                    0.04927652137316971,
                    0.04927652137316971,
                    0.04927652137316971,
                    0.04927652137316971,
                    0.04927652137316971,
                    0.04927652137316971,
                    0.04927652137316971,
                    0.04927652137316971,
                    0.04927652137316971,
                    0.04927652137316971,
                    0.04927652137316971,
                    0.04927652137316971,
                    0.04927652137316971,
                    0.04927652137316971,
                    0.04927652137316971,
                    0.04927652137316971,
                    0.04927652137316971,
                    0.04927652137316971,
                    0.04927652137316971,
                    0.04927652137316971,
                    0.04927652137316971,
                    0.04927652137316971,
                    0.04927652137316971,
                    0.04927652137316971,
                    0.04927652137316971,
                    0.04927652137316971,
                    0.04927652137316971,
                    0.04927652137316971,
                    0.04927652137316971,
                    0.04927652137316971,
                    0.04927652137316971,
                    0.04927652137316971,
                    0.04927652137316971,
                    0.04927652137316971,
                    0.04927652137316971,
                    0.04927652137316971,
                    0.04927652137316971
                ]
            ]
        },
        {
            "feature": "month",
            "featureBins": [
                0.9999999999999991,
                2.0,
                3.0,
                4.0,
                5.0,
                6.0,
                7.0,
                8.0,
                9.0,
                10.0,
                11.0,
                12.0
            ],
            "data": [
                [
                    -0.9764183243288227,
                    -0.20413625793066062,
                    -0.20385926819642797,
                    -0.14600823016309555,
                    -0.15524527990276227,
                    -0.16126501461142886,
                    -0.13517460491326597,
                    -0.1730037114449651,
                    -0.16320635313902182,
                    -0.15531310180428595,
                    -0.1668395493280024,
                    -1.1944047694870608
                ]
            ]
        },
        {
            "feature": "children",
            "featureBins": [
                1.0,
                2.0,
                3.0,
                9.0,
                10.0
            ],
            "data": [
                [
                    -0.3167419058164624,
                    -0.18048311691214589,
                    -0.18048311691214589,
                    -0.1651445480581617,
                    -0.1651445480581617
                ]
            ]
        },
        {
            "feature": "lead_time",
            "featureBins": [
                1.0,
                3.7474747474747545,
                6.494949494949495,
                9.24242424242425,
                11.98989898989899,
                14.737373737373744,
                17.4848484848485,
                20.23232323232324,
                22.97979797979798,
                25.727272727272734,
                28.474747474747474,
                31.22222222222222,
                33.96969696969697,
                36.71717171717172,
                39.46464646464647,
                42.21212121212121,
                44.95959595959596,
                47.70707070707071,
                50.45454545454546,
                53.2020202020202,
                55.94949494949495,
                58.6969696969697,
                61.44444444444444,
                64.19191919191918,
                66.93939393939394,
                69.68686868686869,
                72.43434343434343,
                75.18181818181817,
                77.92929292929293,
                80.67676767676768,
                83.42424242424242,
                86.17171717171716,
                88.91919191919192,
                91.66666666666667,
                94.41414141414141,
                97.16161616161617,
                99.9090909090909,
                102.65656565656565,
                105.40404040404039,
                108.15151515151514,
                110.8989898989899,
                113.64646464646464,
                116.39393939393939,
                119.14141414141415,
                121.88888888888887,
                124.63636363636363,
                127.38383838383837,
                130.1313131313131,
                132.87878787878788,
                135.62626262626262,
                138.37373737373736,
                141.12121212121212,
                143.86868686868686,
                146.6161616161616,
                149.36363636363635,
                152.1111111111111,
                154.85858585858585,
                157.6060606060606,
                160.35353535353534,
                163.1010101010101,
                165.84848484848482,
                168.59595959595958,
                171.34343434343435,
                174.09090909090912,
                176.83838383838383,
                179.58585858585857,
                182.33333333333334,
                185.08080808080808,
                187.82828282828285,
                190.57575757575756,
                193.32323232323233,
                196.07070707070704,
                198.8181818181818,
                201.56565656565658,
                204.3131313131313,
                207.06060606060606,
                209.80808080808077,
                212.55555555555554,
                215.30303030303028,
                218.05050505050505,
                220.7979797979798,
                223.54545454545453,
                226.2929292929293,
                229.040404040404,
                231.78787878787878,
                234.53535353535352,
                237.2828282828283,
                240.03030303030303,
                242.77777777777774,
                245.5252525252525,
                248.27272727272725,
                251.02020202020202,
                253.76767676767676,
                256.5151515151515,
                259.2626262626262,
                262.01010101010104,
                264.75757575757575,
                267.50505050505046,
                270.2525252525253,
                273.0
            ],
            "data": [
                [
                    -1.3996273501041478,
                    -1.3315672655237725,
                    -1.2131517605831157,
                    -1.2131517605831157,
                    -0.9967665784104629,
                    -0.9382340827403266,
                    -0.9383063725169942,
                    -0.9383063725169942,
                    -0.8933543779787337,
                    -0.8843198745326692,
                    -0.8843198745326692,
                    -0.7727256419620797,
                    -0.7727256419620797,
                    -0.7727256419620797,
                    -0.7727256419620797,
                    -0.7727256419620797,
                    -0.7727256419620797,
                    -0.7727256419620797,
                    -0.7727256419620797,
                    -0.7727256419620797,
                    -0.7727256419620797,
                    -0.7727256419620797,
                    -0.7320762184168484,
                    -0.7320762184168484,
                    -0.7320762184168484,
                    -0.616038507575858,
                    -0.616038507575858,
                    -0.5348281327121546,
                    -0.5348281327121546,
                    -0.5348281327121546,
                    -0.5348281327121546,
                    -0.5274438312523214,
                    -0.5274438312523214,
                    -0.2543418062280709,
                    -0.25882076343436683,
                    -0.19157664585162157,
                    -0.14052864122475625,
                    -0.13711825730398045,
                    -0.13711825730398045,
                    -0.13711825730398045,
                    -0.11639354672630534,
                    -0.11639354672630534,
                    -0.12821704270470843,
                    -0.12821704270470843,
                    -0.12821704270470843,
                    -0.12821704270470843,
                    -0.12821704270470843,
                    -0.12821704270470843,
                    -0.12821704270470843,
                    -0.12821704270470843,
                    -0.12821704270470843,
                    -0.13887162205819184,
                    -0.1205856699570459,
                    -0.1205856699570459,
                    -0.10810248131342125,
                    1.1734693455125356,
                    1.171581607773003,
                    1.2000615921530995,
                    1.2000615921530995,
                    1.2000615921530995,
                    1.3729940893018449,
                    1.3729940893018449,
                    1.3729940893018449,
                    1.3729940893018449,
                    1.3729940893018449,
                    1.3729940893018449,
                    1.3919949478122629,
                    1.3919949478122629,
                    1.3919949478122629,
                    1.3919949478122629,
                    1.4045441305802737,
                    1.4045441305802737,
                    1.4045441305802737,
                    1.4062279747114805,
                    1.4062279747114805,
                    1.4062279747114805,
                    1.4062279747114805,
                    1.4062279747114805,
                    1.4062279747114805,
                    1.4062279747114805,
                    1.3859036981764357,
                    1.3859036981764357,
                    1.3859036981764357,
                    1.3898983307546073,
                    1.3898983307546073,
                    1.4826679555334605,
                    1.4826679555334605,
                    1.4826679555334605,
                    1.4826679555334605,
                    1.4826679555334605,
                    1.4826679555334605,
                    1.4826679555334605,
                    1.4826679555334605,
                    1.4826679555334605,
                    1.4826679555334605,
                    1.4826679555334605,
                    1.4826679555334605,
                    1.4826679555334605,
                    1.4958880914920245,
                    1.5818373077835528
                ]
            ]
        },
        {
            "feature": "weekend_nights",
            "featureBins": [
                1.0,
                2.0,
                3.0,
                4.0,
                5.0,
                6.0,
                7.0
            ],
            "data": [
                [
                    -0.34075324343066205,
                    -0.23825749177331879,
                    0.04543187725659345,
                    0.7785078432913353,
                    1.276393621375804,
                    1.2407818207318657,
                    1.2407818207318657
                ]
            ]
        },
        {
            "feature": "day",
            "featureBins": [
                1.0,
                2.0,
                3.0,
                4.0,
                5.0,
                6.0,
                7.0,
                8.0,
                9.0,
                10.0,
                11.0,
                12.0,
                13.0,
                14.0,
                15.0,
                16.0,
                17.0,
                18.0,
                19.0,
                20.0,
                21.0,
                22.0,
                23.0,
                24.0,
                25.0,
                26.0,
                27.0,
                28.0,
                29.0,
                30.0,
                31.0
            ],
            "data": [
                [
                    -0.2959708788882015,
                    -0.41792979528998897,
                    -0.3180047930634504,
                    -0.3168214423353998,
                    -0.3202550209492541,
                    -0.3202550209492541,
                    -0.3202550209492541,
                    -0.3202550209492541,
                    -0.3202550209492541,
                    -0.31511969150196384,
                    -0.315587931889548,
                    -0.31381711006486174,
                    -0.3149648221606991,
                    -0.3149648221606991,
                    -0.2995182307371466,
                    -0.2995182307371466,
                    -0.2995182307371466,
                    -0.2995182307371466,
                    -0.2995182307371466,
                    -0.2995182307371466,
                    -0.3041960582807035,
                    -0.3041960582807035,
                    -0.3041960582807035,
                    -0.3041960582807035,
                    -0.3044413595218427,
                    -0.2981694025486813,
                    -0.2981694025486813,
                    -0.30202134755802484,
                    -0.30776019280400563,
                    -0.30776019280400563,
                    -0.331459414910577
                ]
            ]
        },
        {
            "feature": "day_of_week",
            "featureBins": [
                1.0,
                2.0,
                3.0,
                4.0,
                5.0,
                6.0,
                7.0
            ],
            "data": [
                [
                    -0.31077331630105254,
                    -0.31604057416927067,
                    -0.32489725934057323,
                    -0.3184012322613527,
                    -0.32051795926419124,
                    -0.3203998854674157,
                    -0.27727291941190635
                ]
            ]
        },
        {
            "feature": "dummy:parking_request:No",
            "featureBins": [
                0.0,
                1.0
            ],
            "data": [
                [
                    -0.6265915822560859,
                    -0.3016274642649409
                ]
            ]
        },
        {
            "feature": "dummy:parking_request:Yes",
            "featureBins": [
                0.0,
                1.0
            ],
            "data": [
                [
                    -0.289537890253459,
                    -1.0118933203485472
                ]
            ]
        },
        {
            "feature": "dummy:parking_request:N/A",
            "featureBins": [
                0.0
            ],
            "data": [
                [
                    -0.31235201681001507
                ]
            ]
        },
        {
            "feature": "dummy:parking_request:__Others__",
            "featureBins": [
                0.0
            ],
            "data": [
                [
                    -0.31235201681001507
                ]
            ]
        },
        {
            "feature": "dummy:meal_plan:Meal Plan 1",
            "featureBins": [
                0.0,
                1.0
            ],
            "data": [
                [
                    -0.3097742405288376,
                    -0.31615514600391126
                ]
            ]
        },
        {
            "feature": "dummy:meal_plan:Not Selected",
            "featureBins": [
                0.0,
                1.0
            ],
            "data": [
                [
                    -0.3153093037965825,
                    -0.3084026783847233
                ]
            ]
        },
        {
            "feature": "dummy:meal_plan:Meal Plan 2",
            "featureBins": [
                0.0,
                1.0
            ],
            "data": [
                [
                    -0.33182312864000574,
                    -0.09232472353051797
                ]
            ]
        },
        {
            "feature": "dummy:meal_plan:Meal Plan 3",
            "featureBins": [
                0.0,
                1.0
            ],
            "data": [
                [
                    -0.3123409949024843,
                    -0.4243070425537222
                ]
            ]
        },
        {
            "feature": "dummy:meal_plan:N/A",
            "featureBins": [
                0.0
            ],
            "data": [
                [
                    -0.31235201681001507
                ]
            ]
        },
        {
            "feature": "dummy:meal_plan:__Others__",
            "featureBins": [
                0.0
            ],
            "data": [
                [
                    -0.31235201681001507
                ]
            ]
        },
        {
            "feature": "dummy:first_time:Yes",
            "featureBins": [
                0.0,
                1.0
            ],
            "data": [
                [
                    -0.7891855999745783,
                    -0.30088262526077053
                ]
            ]
        },
        {
            "feature": "dummy:first_time:No",
            "featureBins": [
                0.0,
                1.0
            ],
            "data": [
                [
                    -0.2944008543963254,
                    -1.0138050045353342
                ]
            ]
        },
        {
            "feature": "dummy:first_time:N/A",
            "featureBins": [
                0.0
            ],
            "data": [
                [
                    -0.31235201681001507
                ]
            ]
        },
        {
            "feature": "dummy:first_time:__Others__",
            "featureBins": [
                0.0
            ],
            "data": [
                [
                    -0.31235201681001507
                ]
            ]
        },
        {
            "feature": "dummy:room_type_reserved:Room_Type 1",
            "featureBins": [
                0.0,
                1.0
            ],
            "data": [
                [
                    -0.3252739422348609,
                    -0.3168560686665106
                ]
            ]
        },
        {
            "feature": "dummy:room_type_reserved:Room_Type 4",
            "featureBins": [
                0.0,
                1.0
            ],
            "data": [
                [
                    -0.306217654710566,
                    -0.4323164565559758
                ]
            ]
        },
        {
            "feature": "dummy:room_type_reserved:Room_Type 6",
            "featureBins": [
                0.0,
                1.0
            ],
            "data": [
                [
                    -0.31601190056294576,
                    -0.2190566288810717
                ]
            ]
        },
        {
            "feature": "dummy:room_type_reserved:Room_Type 2",
            "featureBins": [
                0.0,
                1.0
            ],
            "data": [
                [
                    -0.3131016586005093,
                    -0.3004608374347871
                ]
            ]
        },
        {
            "feature": "dummy:room_type_reserved:Room_Type 5",
            "featureBins": [
                0.0,
                1.0
            ],
            "data": [
                [
                    -0.3115629070392904,
                    -0.4222738550991614
                ]
            ]
        },
        {
            "feature": "dummy:room_type_reserved:Room_Type 7",
            "featureBins": [
                0.0,
                1.0
            ],
            "data": [
                [
                    -0.31235201681001507,
                    -0.31235201681001507
                ]
            ]
        },
        {
            "feature": "dummy:room_type_reserved:Room_Type 3",
            "featureBins": [
                0.0,
                1.0
            ],
            "data": [
                [
                    -0.31235201681001507,
                    -0.31235201681001507
                ]
            ]
        },
        {
            "feature": "dummy:room_type_reserved:N/A",
            "featureBins": [
                0.0
            ],
            "data": [
                [
                    -0.31235201681001507
                ]
            ]
        },
        {
            "feature": "dummy:room_type_reserved:__Others__",
            "featureBins": [
                0.0
            ],
            "data": [
                [
                    -0.31235201681001507
                ]
            ]
        },
        {
            "feature": "dummy:market_type:Online",
            "featureBins": [
                0.0,
                1.0
            ],
            "data": [
                [
                    -0.7435067498820745,
                    -0.04019671089481186
                ]
            ]
        },
        {
            "feature": "dummy:market_type:Offline",
            "featureBins": [
                0.0,
                1.0
            ],
            "data": [
                [
                    -0.17204775291710353,
                    -0.6387131262111687
                ]
            ]
        },
        {
            "feature": "dummy:market_type:Corporate",
            "featureBins": [
                0.0,
                1.0
            ],
            "data": [
                [
                    -0.2970678584668413,
                    -0.5189823113050117
                ]
            ]
        },
        {
            "feature": "dummy:market_type:Complementary",
            "featureBins": [
                0.0,
                1.0
            ],
            "data": [
                [
                    -0.3064814145539471,
                    -0.8547516564224593
                ]
            ]
        },
        {
            "feature": "dummy:market_type:Aviation",
            "featureBins": [
                0.0,
                1.0
            ],
            "data": [
                [
                    -0.312421319619789,
                    -0.2858728713985607
                ]
            ]
        },
        {
            "feature": "dummy:market_type:N/A",
            "featureBins": [
                0.0
            ],
            "data": [
                [
                    -0.31235201681001507
                ]
            ]
        },
        {
            "feature": "dummy:market_type:__Others__",
            "featureBins": [
                0.0
            ],
            "data": [
                [
                    -0.31235201681001507
                ]
            ]
        }
    ],
    "probaAware": true
}