{
  "state": "DONE",
  "preSearchDescription": {
    "gridLength": 1,
    "searchStrategy": "GRID",
    "importantParams": [
      {
        "name": "trees",
        "vals": [
          "100"
        ]
      },
      {
        "name": "learning_rate",
        "vals": [
          "0.1"
        ]
      },
      {
        "name": "max_depth",
        "vals": [
          "3"
        ]
      }
    ]
  },
  "postSearchDescription": {
    "importantParams": [
      {
        "name": "trees",
        "val": "100"
      },
      {
        "name": "learning_rate",
        "val": "0.1"
      },
      {
        "name": "max_depth",
        "val": "3"
      }
    ]
  },
  "resumed": false,
  "timeOrderingEnabled": false,
  "sampleWeightsEnabled": false,
  "modelId": "m1",
  "progress": {
    "top_level_todo": [],
    "stack": [],
    "top_level_done": [
      {
        "name": "Loading train set",
        "time": 2908
      },
      {
        "name": "Loading test set",
        "time": 91
      },
      {
        "name": "Collecting statistics",
        "time": 209
      },
      {
        "name": "Preprocessing train set",
        "time": 304
      },
      {
        "name": "Preprocessing test set",
        "time": 129
      },
      {
        "name": "Fitting model",
        "time": 2733
      },
      {
        "name": "Saving model",
        "time": 378
      },
      {
        "name": "Scoring model",
        "time": 5720
      },
      {
        "name": "Preparing explainability",
        "time": 14012
      }
    ]
  },
  "startTime": 1741868327390,
  "endTime": 1741868353924,
  "preprocessingTime": 3679,
  "trainingTime": 22855,
  "hyperparamsSearchTime": 0,
  "pythonVersion": "3.7.13",
  "packagesVersion": {
    "pandas": "1.1.5",
    "scikit-learn": "1.0.2",
    "scipy": "1.7.3",
    "lightgbm": "3.2.1",
    "flask": "2.2.5",
    "itsdangerous": "2.1.2",
    "jinja2": "3.0.3",
    "xgboost": "0.82",
    "werkzeug": "2.2.3",
    "statsmodels": "0.13.5",
    "markupsafe": "2.1.5",
    "cloudpickle": "1.5.0"
  }
}