{
  "starred": false,
  "clusterMetas": {},
  "customMeta": {
    "kv": {}
  },
  "tags": [],
  "activeClassifierThreshold": 0.425,
  "description": "",
  "name": "Gradient Boosted Trees (s1)",
  "labels": [
    {
      "key": "trainDataset:dataset-name",
      "value": "booking_train_prepared2"
    },
    {
      "key": "testDataset:dataset-name",
      "value": "booking_train_prepared2"
    },
    {
      "key": "evaluationDataset:dataset-name",
      "value": "booking_train_prepared2"
    },
    {
      "key": "model:algorithm",
      "value": "GBT_CLASSIFICATION"
    },
    {
      "key": "model:name",
      "value": "Gradient Boosted Trees (s1)"
    },
    {
      "key": "model:date",
      "value": "2025-03-13T13:19:13.924+0100"
    },
    {
      "key": "evaluation:date",
      "value": "2025-03-13T13:19:13.924+0100"
    }
  ]
}