{
  "type": "eda",
  "params": {
    "card": {
      "type": "chi2_independence_test",
      "maxValuesX": 5,
      "maxValuesY": 5,
      "confidenceLevel": 0.95,
      "xColumn": {
        "name": "adults",
        "type": "CATEGORICAL"
      },
      "yColumn": {
        "name": "parking_request",
        "type": "CATEGORICAL"
      },
      "id": "aAJiG83"
    },
    "dataSpec": {
      "inputDatasetSmartName": "booking_train",
      "datasetSelection": {
        "useMemTable": false,
        "filter": {
          "distinct": false,
          "enabled": false
        },
        "partitionSelectionMethod": "ALL",
        "latestPartitionsN": 1,
        "ordering": {
          "enabled": false,
          "rules": []
        },
        "samplingMethod": "HEAD_SEQUENTIAL",
        "maxRecords": 100000,
        "targetRatio": 0.02,
        "ascending": false,
        "withinFirstN": -1,
        "maxReadUncompressedBytes": -1,
        "seed": 1337
      },
      "autoRefreshSample": true,
      "refreshTrigger": 0,
      "containerSelection": {
        "containerMode": "INHERIT"
      }
    },
    "isSampleWholeDataset": true
  },
  "owner": "admin",
  "listed": true,
  "name": "Chi-square independence test on adults \u0026 parking_request",
  "dashboardCreationId": "azFiBHT",
  "creationTag": {
    "versionNumber": 0,
    "lastModifiedBy": {
      "login": "admin"
    },
    "lastModifiedOn": 1741868910534
  },
  "tags": [],
  "customFields": {},
  "checklists": {
    "checklists": []
  }
}