{
  "type": "eda",
  "params": {
    "card": {
      "type": "bivariate_header",
      "yColumn": {
        "name": "booking_status",
        "type": "CATEGORICAL"
      },
      "showMosaicPlot": true,
      "showHistogram": true,
      "showScatterPlot": false,
      "showFrequencyTable": true,
      "showBoxPlot": true,
      "showSummary": true,
      "xColumns": [
        {
          "name": "Booking_ID",
          "type": "CATEGORICAL"
        }
      ],
      "cards": [
        {
          "type": "column_card",
          "column": {
            "name": "Booking_ID",
            "type": "CATEGORICAL"
          },
          "cards": [
            {
              "type": "bivariate_histogram",
              "xBinningMode": "AUTO",
              "yBinningMode": "AUTO",
              "maxValuesX": 5,
              "maxValuesY": 5,
              "groupWithOthersX": true,
              "groupWithOthersY": true,
              "xCustomBinningBoundaries": [],
              "yCustomBinningBoundaries": [],
              "xColumn": {
                "name": "Booking_ID",
                "type": "CATEGORICAL"
              },
              "yColumn": {
                "name": "booking_status",
                "type": "CATEGORICAL"
              },
              "id": "msQZXWB"
            },
            {
              "type": "mosaic_plot",
              "xBinningMode": "AUTO",
              "yBinningMode": "AUTO",
              "maxValuesX": 5,
              "maxValuesY": 5,
              "groupWithOthersX": true,
              "groupWithOthersY": true,
              "xCustomBinningBoundaries": [],
              "yCustomBinningBoundaries": [],
              "xColumn": {
                "name": "Booking_ID",
                "type": "CATEGORICAL"
              },
              "yColumn": {
                "name": "booking_status",
                "type": "CATEGORICAL"
              },
              "id": "RDm8zPC"
            },
            {
              "type": "bivariate_summary",
              "confidenceLevel": 0.95,
              "showConfidenceInterval": false,
              "compute": {
                "spearman": true,
                "pearson": true,
                "totalCount": true,
                "covariance": true,
                "kendallTau": true,
                "mutualInformation": true,
                "completeCount": true,
                "chi2": false,
                "oneWayAnova": false,
                "nSampleMood": false,
                "kolmogorovSmirnov": false
              },
              "xColumn": {
                "name": "Booking_ID",
                "type": "CATEGORICAL"
              },
              "yColumn": {
                "name": "booking_status",
                "type": "CATEGORICAL"
              },
              "id": "LJDsXwH"
            },
            {
              "type": "bivariate_frequency_table",
              "xBinningMode": "AUTO",
              "yBinningMode": "AUTO",
              "maxValuesX": 5,
              "maxValuesY": 5,
              "groupWithOthersX": true,
              "groupWithOthersY": true,
              "xCustomBinningBoundaries": [],
              "yCustomBinningBoundaries": [],
              "xColumn": {
                "name": "Booking_ID",
                "type": "CATEGORICAL"
              },
              "yColumn": {
                "name": "booking_status",
                "type": "CATEGORICAL"
              },
              "id": "E1mwi24"
            }
          ],
          "id": "sBq4Krh"
        }
      ],
      "id": "UyuLttk"
    },
    "dataSpec": {
      "inputDatasetSmartName": "booking_test_prepared_scored",
      "datasetSelection": {
        "useMemTable": false,
        "filter": {
          "distinct": false,
          "enabled": false
        },
        "partitionSelectionMethod": "ALL",
        "latestPartitionsN": 1,
        "ordering": {
          "enabled": false,
          "rules": []
        },
        "samplingMethod": "HEAD_SEQUENTIAL",
        "maxRecords": 100000,
        "targetRatio": 0.02,
        "ascending": false,
        "withinFirstN": -1,
        "maxReadUncompressedBytes": -1,
        "seed": 1337
      },
      "autoRefreshSample": true,
      "refreshTrigger": 0,
      "containerSelection": {
        "containerMode": "INHERIT"
      }
    },
    "isSampleWholeDataset": true
  },
  "owner": "admin",
  "listed": true,
  "name": "Bivariate analysis on 1 variable",
  "dashboardCreationId": "azFiBHT",
  "creationTag": {
    "versionNumber": 0,
    "lastModifiedBy": {
      "login": "admin"
    },
    "lastModifiedOn": 1741901409305
  },
  "tags": [],
  "customFields": {},
  "checklists": {
    "checklists": []
  }
}