{
  "type": "eda",
  "params": {
    "card": {
      "type": "ttest_2samp",
      "varianceAssumption": "UNEQUAL",
      "alternative": "TWO_SIDED",
      "value1": [
        "Canceled"
      ],
      "value2": [
        "Not_Canceled"
      ],
      "confidenceLevel": 0.95,
      "xColumn": {
        "name": "number_of_special_requests",
        "type": "CONTINUOUS"
      },
      "yColumn": {
        "name": "booking_status",
        "type": "CATEGORICAL"
      },
      "id": "scA3DSh"
    },
    "dataSpec": {
      "inputDatasetSmartName": "booking_test_prepared_scored",
      "datasetSelection": {
        "useMemTable": false,
        "filter": {
          "distinct": false,
          "enabled": false
        },
        "partitionSelectionMethod": "ALL",
        "latestPartitionsN": 1,
        "ordering": {
          "enabled": false,
          "rules": []
        },
        "samplingMethod": "HEAD_SEQUENTIAL",
        "maxRecords": 100000,
        "targetRatio": 0.02,
        "ascending": false,
        "withinFirstN": -1,
        "maxReadUncompressedBytes": -1,
        "seed": 1337
      },
      "autoRefreshSample": true,
      "refreshTrigger": 0,
      "containerSelection": {
        "containerMode": "INHERIT"
      }
    },
    "isSampleWholeDataset": true
  },
  "owner": "admin",
  "listed": true,
  "name": "Two-sample Welch 𝘵-test",
  "dashboardCreationId": "azFiBHT",
  "creationTag": {
    "versionNumber": 0,
    "lastModifiedBy": {
      "login": "admin"
    },
    "lastModifiedOn": 1741901578877
  },
  "tags": [],
  "customFields": {},
  "checklists": {
    "checklists": []
  }
}