{
    "per_feature": {
        "previous_cancellations": {
            "stats": {
                "min": 0.0,
                "average": 0.020278584436678643,
                "median": 0.0,
                "max": 13.0,
                "p99": 0.0,
                "std": 0.3472421954660094
            },
            "missing_impute_with_value": 0.020278584436678643
        },
        "Booking_ID": {
            "stats": {}
        },
        "week_nights": {
            "stats": {
                "min": 1.0,
                "average": 1.9992617020229364,
                "median": 2.0,
                "max": 5.0,
                "p99": 2.0,
                "std": 0.08151358015251478
            },
            "missing_impute_with_value": 1.9992617020229364
        },
        "number_of_special_requests": {
            "stats": {
                "min": 0.0,
                "average": 0.6229758330462175,
                "median": 0.0,
                "max": 5.0,
                "p99": 3.0,
                "std": 0.7902111690727371
            },
            "missing_impute_with_value": 0.6229758330462175
        },
        "year": {
            "stats": {
                "min": 2017.0,
                "average": 2017.8192154353496,
                "median": 2018.0,
                "max": 2018.0,
                "p99": 2018.0,
                "std": 0.38484905577316925
            },
            "missing_impute_with_value": 2017.8192154353496
        },
        "adults": {
            "stats": {
                "min": 1.0,
                "average": 1.859231185706551,
                "median": 2.0,
                "max": 4.0,
                "p99": 3.0,
                "std": 0.5070579424439015
            },
            "missing_impute_with_value": 1.859231185706551
        },
        "booking_status": {
            "stats": {}
        },
        "parking_request": {
            "stats": {
                "mostFrequentValue": "No",
                "leastFrequentValue": "Yes"
            },
            "dropped_modality": "Yes",
            "category_possible_values": [
                "No"
            ],
            "category_possible_counts": [
                19702
            ]
        },
        "avg_price_per_room": {
            "stats": {
                "min": 0.0,
                "average": 103.89224737904236,
                "median": 99.63,
                "max": 540.0,
                "p99": 210.0,
                "std": 35.3947227987122
            },
            "missing_impute_with_value": 103.89224737904236
        },
        "meal_plan": {
            "stats": {
                "mostFrequentValue": "Meal Plan 1",
                "leastFrequentValue": "Meal Plan 3"
            },
            "dropped_modality": "Meal Plan 3",
            "category_possible_values": [
                "Meal Plan 1",
                "Not Selected",
                "Meal Plan 2"
            ],
            "category_possible_counts": [
                15618,
                2870,
                1827
            ]
        },
        "month": {
            "stats": {
                "min": 1.0,
                "average": 7.439139636757395,
                "median": 8.0,
                "max": 12.0,
                "p99": 12.0,
                "std": 3.058367657257785
            },
            "missing_impute_with_value": 7.439139636757395
        },
        "children": {
            "stats": {
                "min": 1.0,
                "average": 1.0330757493724467,
                "median": 1.0,
                "max": 10.0,
                "p99": 2.0,
                "std": 0.20595738252157794
            },
            "missing_impute_with_value": 1.0330757493724467
        },
        "first_time": {
            "stats": {
                "mostFrequentValue": "Yes",
                "leastFrequentValue": "No"
            },
            "dropped_modality": "No",
            "category_possible_values": [
                "Yes"
            ],
            "category_possible_counts": [
                19827
            ]
        },
        "lead_time": {
            "stats": {
                "min": 0.0,
                "average": 85.44470148151794,
                "median": 58.0,
                "max": 443.0,
                "p99": 338.0,
                "std": 85.60130971746453
            },
            "missing_impute_with_value": 85.44470148151794
        },
        "weekend_nights": {
            "stats": {
                "min": 1.0,
                "average": 1.2801102524979082,
                "median": 1.0,
                "max": 7.0,
                "p99": 2.0,
                "std": 0.5029394083641746
            },
            "missing_impute_with_value": 1.2801102524979082
        },
        "day": {
            "stats": {
                "min": 1.0,
                "average": 15.562287739331595,
                "median": 16.0,
                "max": 31.0,
                "p99": 31.0,
                "std": 8.768663960624536
            },
            "missing_impute_with_value": 15.562287739331595
        },
        "room_type_reserved": {
            "stats": {
                "mostFrequentValue": "Room_Type 1",
                "leastFrequentValue": "Room_Type 3"
            },
            "dropped_modality": "Room_Type 3",
            "category_possible_values": [
                "Room_Type 1",
                "Room_Type 4",
                "Room_Type 6",
                "Room_Type 2",
                "Room_Type 5",
                "Room_Type 7"
            ],
            "category_possible_counts": [
                15679,
                3451,
                573,
                392,
                132,
                85
            ]
        },
        "market_type": {
            "stats": {
                "mostFrequentValue": "Online",
                "leastFrequentValue": "Aviation"
            },
            "dropped_modality": "Aviation",
            "category_possible_values": [
                "Online",
                "Offline",
                "Corporate",
                "Complementary"
            ],
            "category_possible_counts": [
                13074,
                5825,
                1133,
                216
            ]
        },
        "day_of_week": {
            "stats": {
                "min": 1.0,
                "average": 4.07614313136782,
                "median": 4.0,
                "max": 7.0,
                "p99": 7.0,
                "std": 2.068206035372996
            },
            "missing_impute_with_value": 4.07614313136782
        }
    },
    "feature_order": [
        "previous_cancellations",
        "Booking_ID",
        "week_nights",
        "number_of_special_requests",
        "year",
        "adults",
        "booking_status",
        "parking_request",
        "avg_price_per_room",
        "meal_plan",
        "month",
        "children",
        "first_time",
        "lead_time",
        "weekend_nights",
        "day",
        "room_type_reserved",
        "market_type",
        "day_of_week"
    ]
}