{
  "pages": [
    {
      "id": "AG6ag58",
      "grid": {
        "tiles": [
          {
            "tileType": "INSIGHT",
            "box": {
              "top": 0,
              "left": 0,
              "width": 18,
              "height": 15
            },
            "clickAction": "OPEN_INSIGHT",
            "tileParams": {},
            "backgroundOpacity": 1.0,
            "autoLoad": true,
            "locked": false,
            "borderOptions": {
              "color": "#D9D9D9",
              "radius": 10,
              "size": 1
            },
            "titleOptions": {
              "showTitle": "YES",
              "fontColor": "#000",
              "fontSize": 13
            },
            "insightId": "dSDc0YJ",
            "insightType": "eda",
            "displayMode": "INSIGHT",
            "resizeImageMode": "FIT_SIZE"
          },
          {
            "tileType": "INSIGHT",
            "box": {
              "top": 0,
              "left": 18,
              "width": 17,
              "height": 15
            },
            "clickAction": "OPEN_INSIGHT",
            "tileParams": {},
            "backgroundOpacity": 1.0,
            "autoLoad": true,
            "locked": false,
            "borderOptions": {
              "color": "#D9D9D9",
              "radius": 10,
              "size": 1
            },
            "titleOptions": {
              "showTitle": "YES",
              "fontColor": "#000",
              "fontSize": 13
            },
            "insightId": "B6JSY2n",
            "insightType": "eda",
            "displayMode": "INSIGHT",
            "resizeImageMode": "FIT_SIZE"
          },
          {
            "tileType": "INSIGHT",
            "box": {
              "top": 16,
              "left": 0,
              "width": 36,
              "height": 14
            },
            "clickAction": "OPEN_INSIGHT",
            "tileParams": {},
            "backgroundOpacity": 1.0,
            "autoLoad": true,
            "locked": false,
            "borderOptions": {
              "color": "#D9D9D9",
              "radius": 10,
              "size": 1
            },
            "titleOptions": {
              "showTitle": "YES",
              "fontColor": "#000",
              "fontSize": 13
            },
            "insightId": "BNeG54K",
            "insightType": "eda",
            "displayMode": "INSIGHT",
            "resizeImageMode": "FIT_SIZE"
          }
        ]
      },
      "show": true,
      "showTitle": false,
      "titleAlign": "CENTER",
      "titleFontColor": "#444444",
      "titleFontSize": 28,
      "enableCrossFilters": true,
      "backgroundColor": "#ffffff",
      "showFilterPanel": true,
      "filtersParams": {
        "panelPosition": "TOP",
        "engineType": "LINO"
      }
    }
  ],
  "owner": "admin",
  "listed": true,
  "name": "ML_EXAM_BOOKING\u0027s default dashboard",
  "showGrid": false,
  "columnNumber": 36,
  "showNavigationArrows": false,
  "reloadWhenEventReceived": false,
  "tileSpacing": 8,
  "creationTag": {
    "versionNumber": 0,
    "lastModifiedBy": {
      "login": "admin"
    },
    "lastModifiedOn": 1741865120652
  },
  "tags": [],
  "customFields": {},
  "checklists": {
    "checklists": []
  }
}