{
    "perClassFacts": {
        "unique": {
            "number_of_special_requests": {
                "impact": 1.0499347607922744,
                "rank": 1,
                "feature": "number_of_special_requests",
                "correlation": -0.7639824843427168,
                "type": "NUMERICAL"
            },
            "market_type": {
                "impact": 0.9397561914211786,
                "rank": 3,
                "feature": "market_type",
                "positiveCategoricalValue": "Online",
                "negativeCategoricalValue": "Offline",
                "infoGain": 0.6859298002523728,
                "type": "CATEGORICAL"
            }
        }
    }
}