{
    "modelInputNRows": 20317,
    "modelInputNCols": 42,
    "modelInputIsSparse": false,
    "modelInputMemory": 6826512,
    "rawImportance": {
        "variables": [
            "number_of_special_requests",
            "adults",
            "avg_price_per_room",
            "month",
            "children",
            "lead_time",
            "weekend_nights",
            "dummy:meal_plan:Not Selected",
            "dummy:room_type_reserved:Room_Type 1",
            "dummy:market_type:Online",
            "dummy:market_type:Offline"
        ],
        "importances": [
            0.19203794872569663,
            0.030581537855727592,
            0.05609133255569508,
            0.011510310465244956,
            1.5247816792133092e-15,
            0.4842072689886105,
            0.00976944461118205,
            0.0011085718479519233,
            0.0009355146700455935,
            0.19711321027313167,
            0.016644860006712482
        ]
    },
    "probaAware": true
}