{
    "metrics": {},
    "processed_feature_names": [
        "previous_cancellations",
        "week_nights",
        "number_of_special_requests",
        "year",
        "adults",
        "avg_price_per_room",
        "month",
        "children",
        "lead_time",
        "weekend_nights",
        "day",
        "day_of_week",
        "dummy:parking_request:No",
        "dummy:parking_request:Yes",
        "dummy:parking_request:N/A",
        "dummy:parking_request:__Others__",
        "dummy:meal_plan:Meal Plan 1",
        "dummy:meal_plan:Not Selected",
        "dummy:meal_plan:Meal Plan 2",
        "dummy:meal_plan:Meal Plan 3",
        "dummy:meal_plan:N/A",
        "dummy:meal_plan:__Others__",
        "dummy:first_time:Yes",
        "dummy:first_time:No",
        "dummy:first_time:N/A",
        "dummy:first_time:__Others__",
        "dummy:room_type_reserved:Room_Type 1",
        "dummy:room_type_reserved:Room_Type 4",
        "dummy:room_type_reserved:Room_Type 6",
        "dummy:room_type_reserved:Room_Type 2",
        "dummy:room_type_reserved:Room_Type 5",
        "dummy:room_type_reserved:Room_Type 7",
        "dummy:room_type_reserved:Room_Type 3",
        "dummy:room_type_reserved:N/A",
        "dummy:room_type_reserved:__Others__",
        "dummy:market_type:Online",
        "dummy:market_type:Offline",
        "dummy:market_type:Corporate",
        "dummy:market_type:Complementary",
        "dummy:market_type:Aviation",
        "dummy:market_type:N/A",
        "dummy:market_type:__Others__"
    ],
    "optimalThreshold": 0.475,
    "usedThreshold": 0.475,
    "perCutData": {
        "cut": [
            0.0,
            0.025,
            0.05,
            0.075,
            0.1,
            0.125,
            0.15,
            0.175,
            0.2,
            0.225,
            0.25,
            0.275,
            0.3,
            0.325,
            0.35,
            0.375,
            0.4,
            0.425,
            0.45,
            0.475,
            0.5,
            0.525,
            0.55,
            0.575,
            0.6,
            0.625,
            0.65,
            0.675,
            0.7,
            0.725,
            0.75,
            0.775,
            0.8,
            0.825,
            0.85,
            0.875,
            0.9,
            0.925,
            0.95,
            0.975
        ],
        "tp": [
            1648,
            1639,
            1635,
            1635,
            1635,
            1579,
            1579,
            1579,
            1579,
            1565,
            1550,
            1520,
            1520,
            1507,
            1301,
            1301,
            1301,
            1299,
            1299,
            1264,
            1264,
            1264,
            1264,
            1264,
            1264,
            1218,
            1143,
            963,
            963,
            963,
            963,
            963,
            833,
            833,
            498,
            498,
            498,
            498,
            487,
            487
        ],
        "tn": [
            14,
            469,
            697,
            697,
            697,
            1577,
            1577,
            1577,
            1577,
            1679,
            1745,
            1877,
            1877,
            1955,
            2820,
            2820,
            2820,
            2825,
            2825,
            2896,
            2896,
            2896,
            2896,
            2896,
            2896,
            2957,
            3047,
            3223,
            3223,
            3223,
            3223,
            3223,
            3283,
            3283,
            3424,
            3424,
            3424,
            3424,
            3426,
            3426
        ],
        "fp": [
            3413,
            2958,
            2730,
            2730,
            2730,
            1850,
            1850,
            1850,
            1850,
            1748,
            1682,
            1550,
            1550,
            1472,
            607,
            607,
            607,
            602,
            602,
            531,
            531,
            531,
            531,
            531,
            531,
            470,
            380,
            204,
            204,
            204,
            204,
            204,
            144,
            144,
            3,
            3,
            3,
            3,
            1,
            1
        ],
        "fn": [
            0,
            9,
            13,
            13,
            13,
            69,
            69,
            69,
            69,
            83,
            98,
            128,
            128,
            141,
            347,
            347,
            347,
            349,
            349,
            384,
            384,
            384,
            384,
            384,
            384,
            430,
            505,
            685,
            685,
            685,
            685,
            685,
            815,
            815,
            1150,
            1150,
            1150,
            1150,
            1161,
            1161
        ],
        "precision": [
            0.32562734637423435,
            0.3565368718729606,
            0.3745704467353952,
            0.3745704467353952,
            0.3745704467353952,
            0.46048410615339747,
            0.46048410615339747,
            0.46048410615339747,
            0.46048410615339747,
            0.47238152731663147,
            0.47957920792079206,
            0.495114006514658,
            0.495114006514658,
            0.5058744545149378,
            0.6818658280922432,
            0.6818658280922432,
            0.6818658280922432,
            0.6833245660178853,
            0.6833245660178853,
            0.7041782729805014,
            0.7041782729805014,
            0.7041782729805014,
            0.7041782729805014,
            0.7041782729805014,
            0.7041782729805014,
            0.7215639810426541,
            0.7504924491135916,
            0.8251928020565553,
            0.8251928020565553,
            0.8251928020565553,
            0.8251928020565553,
            0.8251928020565553,
            0.8526100307062436,
            0.8526100307062436,
            0.9940119760479041,
            0.9940119760479041,
            0.9940119760479041,
            0.9940119760479041,
            0.9979508196721312,
            0.9979508196721312
        ],
        "recall": [
            1.0,
            0.9945388349514563,
            0.9921116504854369,
            0.9921116504854369,
            0.9921116504854369,
            0.9581310679611651,
            0.9581310679611651,
            0.9581310679611651,
            0.9581310679611651,
            0.9496359223300971,
            0.9405339805825242,
            0.9223300970873787,
            0.9223300970873787,
            0.9144417475728155,
            0.7894417475728155,
            0.7894417475728155,
            0.7894417475728155,
            0.7882281553398058,
            0.7882281553398058,
            0.7669902912621359,
            0.7669902912621359,
            0.7669902912621359,
            0.7669902912621359,
            0.7669902912621359,
            0.7669902912621359,
            0.7390776699029126,
            0.6935679611650486,
            0.5843446601941747,
            0.5843446601941747,
            0.5843446601941747,
            0.5843446601941747,
            0.5843446601941747,
            0.5054611650485437,
            0.5054611650485437,
            0.30218446601941745,
            0.30218446601941745,
            0.30218446601941745,
            0.30218446601941745,
            0.2955097087378641,
            0.2955097087378641
        ],
        "accuracy": [
            0.32748768472906403,
            0.4153694581280788,
            0.45950738916256156,
            0.45950738916256156,
            0.45950738916256156,
            0.621871921182266,
            0.621871921182266,
            0.621871921182266,
            0.621871921182266,
            0.6392118226600986,
            0.6492610837438424,
            0.66935960591133,
            0.66935960591133,
            0.682167487684729,
            0.8120197044334976,
            0.8120197044334976,
            0.8120197044334976,
            0.8126108374384237,
            0.8126108374384237,
            0.819704433497537,
            0.819704433497537,
            0.819704433497537,
            0.819704433497537,
            0.819704433497537,
            0.819704433497537,
            0.8226600985221675,
            0.825615763546798,
            0.8248275862068966,
            0.8248275862068966,
            0.8248275862068966,
            0.8248275862068966,
            0.8248275862068966,
            0.8110344827586207,
            0.8110344827586207,
            0.772807881773399,
            0.772807881773399,
            0.772807881773399,
            0.772807881773399,
            0.7710344827586207,
            0.7710344827586207
        ],
        "f1": [
            0.49128036965270533,
            0.5248999199359488,
            0.543821719607517,
            0.543821719607517,
            0.543821719607517,
            0.6220208784715383,
            0.6220208784715383,
            0.6220208784715383,
            0.6220208784715383,
            0.6309211852449103,
            0.6352459016393442,
            0.6443408223823655,
            0.6443408223823655,
            0.6513939917873351,
            0.7317210348706411,
            0.7317210348706411,
            0.7317210348706411,
            0.732037193575655,
            0.732037193575655,
            0.7342433923903573,
            0.7342433923903573,
            0.7342433923903573,
            0.7342433923903573,
            0.7342433923903573,
            0.7342433923903573,
            0.7302158273381294,
            0.7209082308420056,
            0.6841918294849024,
            0.6841918294849024,
            0.6841918294849024,
            0.6841918294849024,
            0.6841918294849024,
            0.6346666666666667,
            0.6346666666666667,
            0.46347138203815724,
            0.46347138203815724,
            0.46347138203815724,
            0.46347138203815724,
            0.4559925093632959,
            0.4559925093632959
        ],
        "mcc": [
            0.036472656850915025,
            0.21064804517202343,
            0.26390852678332616,
            0.26390852678332616,
            0.26390852678332616,
            0.41843228556236095,
            0.41843228556236095,
            0.41843228556236095,
            0.41843228556236095,
            0.4323633302057144,
            0.43791015085911095,
            0.4502395087737453,
            0.4502395087737453,
            0.46117662886632377,
            0.5919705526349625,
            0.5919705526349625,
            0.5919705526349625,
            0.5926425449379013,
            0.5926425449379013,
            0.5994450068737177,
            0.5994450068737177,
            0.5994450068737177,
            0.5994450068737177,
            0.5994450068737177,
            0.5994450068737177,
            0.5982585192230752,
            0.595363456308071,
            0.5840246214264165,
            0.5840246214264165,
            0.5840246214264165,
            0.5840246214264165,
            0.5840246214264165,
            0.5504244268054527,
            0.5504244268054527,
            0.4730215319885993,
            0.4730215319885993,
            0.4730215319885993,
            0.4730215319885993,
            0.4689257413517929,
            0.4689257413517929
        ],
        "hammingLoss": [
            0.672512315270936,
            0.5846305418719212,
            0.5404926108374384,
            0.5404926108374384,
            0.5404926108374384,
            0.378128078817734,
            0.378128078817734,
            0.378128078817734,
            0.378128078817734,
            0.36078817733990143,
            0.3507389162561576,
            0.33064039408866996,
            0.33064039408866996,
            0.317832512315271,
            0.18798029556650242,
            0.18798029556650242,
            0.18798029556650242,
            0.18738916256157634,
            0.18738916256157634,
            0.18029556650246303,
            0.18029556650246303,
            0.18029556650246303,
            0.18029556650246303,
            0.18029556650246303,
            0.18029556650246303,
            0.17733990147783252,
            0.174384236453202,
            0.17517241379310344,
            0.17517241379310344,
            0.17517241379310344,
            0.17517241379310344,
            0.17517241379310344,
            0.18896551724137933,
            0.18896551724137933,
            0.22719211822660101,
            0.22719211822660101,
            0.22719211822660101,
            0.22719211822660101,
            0.22896551724137926,
            0.22896551724137926
        ],
        "assertionsMetrics": [],
        "overridesMetrics": []
    },
    "tiMetrics": {
        "auc": 0.8807189692929648,
        "logLoss": 0.41136323553419896,
        "lift": 2.008495145631068,
        "averagePrecision": 0.7925106805709892,
        "calibrationLoss": 0.09264407530451345
    },
    "probaPercentiles": [
        0.02411170437040915,
        0.02411170437040915,
        0.02411170437040915,
        0.02411170437040915,
        0.02411170437040915,
        0.02411170437040915,
        0.02411170437040915,
        0.02411170437040915,
        0.02411170437040915,
        0.026550136097172793,
        0.037035246550802314,
        0.037035246550802314,
        0.037035246550802314,
        0.10579600297466296,
        0.10579600297466296,
        0.10579600297466296,
        0.10579600297466296,
        0.11975356708331632,
        0.11975356708331632,
        0.11975356708331632,
        0.11975356708331632,
        0.11975356708331632,
        0.11975356708331632,
        0.11975356708331632,
        0.11975356708331632,
        0.11975356708331632,
        0.11975356708331632,
        0.11975356708331632,
        0.11975356708331632,
        0.11975356708331632,
        0.11975356708331632,
        0.11975356708331632,
        0.20399831589201659,
        0.20399831589201659,
        0.2460914393986771,
        0.2460914393986771,
        0.25023483954011816,
        0.25023483954011816,
        0.26786824835265816,
        0.31380789675270304,
        0.31380789675270304,
        0.33431229433602877,
        0.33431229433602877,
        0.33431229433602877,
        0.34969157258046074,
        0.34969157258046074,
        0.34969157258046074,
        0.34969157258046074,
        0.34969157258046074,
        0.34969157258046074,
        0.34969157258046074,
        0.34969157258046074,
        0.34969157258046074,
        0.34969157258046074,
        0.34969157258046074,
        0.34969157258046074,
        0.34969157258046074,
        0.34969157258046074,
        0.34969157258046074,
        0.34969157258046074,
        0.34969157258046074,
        0.34969157258046074,
        0.4604413931219233,
        0.4604413931219233,
        0.6019686360851022,
        0.6019686360851022,
        0.6305619136408024,
        0.6305619136408024,
        0.6305619136408024,
        0.6623670542531415,
        0.6703183394062397,
        0.6703183394062397,
        0.6703183394062397,
        0.6703183394062397,
        0.6703183394062397,
        0.6703183394062397,
        0.6703183394062397,
        0.7813710090623034,
        0.7813710090623034,
        0.7813710090623034,
        0.8350821507150837,
        0.8350821507150837,
        0.8350821507150837,
        0.8350821507150837,
        0.8350821507150837,
        0.8350821507150837,
        0.8350821507150837,
        0.8350821507150837,
        0.8350821507150837,
        0.8350821507150837,
        0.9948152814817959,
        0.9948152814817959,
        1.0,
        1.0,
        1.0,
        1.0,
        1.0,
        1.0,
        1.0
    ],
    "rocVizData": [
        [
            {
                "x": 0.0,
                "y": 0.0,
                "p": 2.0
            },
            {
                "x": 0.0,
                "y": 0.2421116504854369,
                "p": 1.0
            },
            {
                "x": 0.0002918004085205719,
                "y": 0.2955097087378641,
                "p": 0.9948152814817959
            },
            {
                "x": 0.04172745841844178,
                "y": 0.5030339805825242,
                "p": 0.8350821507150837
            },
            {
                "x": 0.05952728333819667,
                "y": 0.5843446601941747,
                "p": 0.7813710090623034
            },
            {
                "x": 0.11088415523781733,
                "y": 0.6935679611650486,
                "p": 0.6703183394062397
            },
            {
                "x": 0.1371461920046688,
                "y": 0.7390776699029126,
                "p": 0.6305619136408024
            },
            {
                "x": 0.1756638459293843,
                "y": 0.7882281553398058,
                "p": 0.4604413931219233
            },
            {
                "x": 0.38692734169827836,
                "y": 0.8956310679611651,
                "p": 0.34969157258046074
            },
            {
                "x": 0.4522906332068865,
                "y": 0.9223300970873787,
                "p": 0.31380789675270304
            },
            {
                "x": 0.5100671140939598,
                "y": 0.9496359223300971,
                "p": 0.2460914393986771
            },
            {
                "x": 0.7394222351911293,
                "y": 0.9878640776699029,
                "p": 0.11975356708331632
            },
            {
                "x": 0.7966151152611614,
                "y": 0.9921116504854369,
                "p": 0.10579600297466296
            },
            {
                "x": 0.8526407936971112,
                "y": 0.9939320388349514,
                "p": 0.037035246550802314
            },
            {
                "x": 0.995914794280712,
                "y": 1.0,
                "p": 0.02411170437040915
            },
            {
                "x": 1.0,
                "y": 1.0,
                "p": 0.0
            }
        ]
    ],
    "liftVizData": {
        "bins": [
            {
                "bin_pos_prop": 0.994011976,
                "bin_lift": 3.0610502296,
                "cum_lift": 0.302184466,
                "cum_size": 0.0987192118,
                "bin_min": 0.8350821507,
                "bin_max": 1.0,
                "percentile_idx": 0
            },
            {
                "bin_pos_prop": 0.7037815126,
                "bin_lift": 2.1672883352,
                "cum_lift": 0.505461165,
                "cum_size": 0.1925123153,
                "bin_min": 0.7813710091,
                "bin_max": 0.8350821507,
                "percentile_idx": 1
            },
            {
                "bin_pos_prop": 0.5414908579,
                "bin_lift": 1.6675158399,
                "cum_lift": 0.7390776699,
                "cum_size": 0.3326108374,
                "bin_min": 0.605394694,
                "bin_max": 0.7813710091,
                "percentile_idx": 2
            },
            {
                "bin_pos_prop": 0.3772727273,
                "bin_lift": 1.1618077008,
                "cum_lift": 0.7894417476,
                "cum_size": 0.3759605911,
                "bin_min": 0.3496915726,
                "bin_max": 0.605394694,
                "percentile_idx": 3
            },
            {
                "bin_pos_prop": 0.1957494407,
                "bin_lift": 0.6028085022,
                "cum_lift": 0.895631068,
                "cum_size": 0.5521182266,
                "bin_min": 0.3343122943,
                "bin_max": 0.3496915726,
                "percentile_idx": 4
            },
            {
                "bin_pos_prop": 0.1741682975,
                "bin_lift": 0.5363495811,
                "cum_lift": 0.9496359223,
                "cum_size": 0.6528078818,
                "bin_min": 0.2039983159,
                "bin_max": 0.3343122943,
                "percentile_idx": 5
            },
            {
                "bin_pos_prop": 0.1206896552,
                "bin_lift": 0.3716626214,
                "cum_lift": 0.958131068,
                "cum_size": 0.6756650246,
                "bin_min": 0.1197535671,
                "bin_max": 0.2039983159,
                "percentile_idx": 6
            },
            {
                "bin_pos_prop": 0.0598290598,
                "bin_lift": 0.1842430089,
                "cum_lift": 0.9921116505,
                "cum_size": 0.8600985222,
                "bin_min": 0.0370352466,
                "bin_max": 0.1197535671,
                "percentile_idx": 7
            },
            {
                "bin_pos_prop": 0.0183098592,
                "bin_lift": 0.0563850335,
                "cum_lift": 1.0,
                "cum_size": 1.0,
                "bin_min": 0.0,
                "bin_max": 0.0370352466,
                "percentile_idx": 8
            }
        ],
        "wizard": {
            "positives": 1648,
            "total": 5075
        }
    },
    "prVizData": [
        {
            "bins": [
                {
                    "x": 1.0,
                    "y": 0.32562734637423435,
                    "p": 0.02411170437040915
                },
                {
                    "x": 0.9878640776699029,
                    "y": 0.39115809706871696,
                    "p": 0.11975356708331632
                },
                {
                    "x": 0.9581310679611651,
                    "y": 0.46048410615339747,
                    "p": 0.20399831589201659
                },
                {
                    "x": 0.9223300970873787,
                    "y": 0.495114006514658,
                    "p": 0.31380789675270304
                },
                {
                    "x": 0.7894417475728155,
                    "y": 0.6818658280922432,
                    "p": 0.422152650596446
                },
                {
                    "x": 0.7396844660194175,
                    "y": 0.7195985832349469,
                    "p": 0.6053946940344859
                },
                {
                    "x": 0.6935679611650486,
                    "y": 0.7504924491135916,
                    "p": 0.6703183394062397
                },
                {
                    "x": 0.5843446601941747,
                    "y": 0.8251928020565553,
                    "p": 0.7813710090623034
                },
                {
                    "x": 0.5054611650485437,
                    "y": 0.8526100307062436,
                    "p": 0.8307771920834875
                },
                {
                    "x": 0.30218446601941745,
                    "y": 0.9940119760479041,
                    "p": 0.9283425293694301
                },
                {
                    "x": 0.2421116504854369,
                    "y": 1.0,
                    "p": 1.0
                }
            ],
            "positiveRate": 0.3247290640394089
        }
    ],
    "densityData": {
        "Not_Canceled": {
            "actualIsThisClass": [
                0.004855455296056411,
                0.006287203585048679,
                0.008444071654823089,
                0.011817779288600774,
                0.017129891060909612,
                0.02535500636319817,
                0.03769123116077038,
                0.05544847380920061,
                0.07983670901418506,
                0.11166361594219078,
                0.1509898786395371,
                0.19682844092600804,
                0.24699311355927353,
                0.2981863213790657,
                0.34636139897248086,
                0.3873153336956603,
                0.4173918584460181,
                0.4341339446634257,
                0.43673763600259435,
                0.42622045337569947,
                0.4052995667382894,
                0.37804173406255825,
                0.34937389292989923,
                0.32452932044776206,
                0.3084710456272437,
                0.30531146404364773,
                0.31775419204918803,
                0.34661815173982646,
                0.39054098318373914,
                0.4459683644378269,
                0.5074979689277385,
                0.5685655876373773,
                0.6223643197310522,
                0.662814932846805,
                0.6853878686329627,
                0.6876226997276452,
                0.6692796762690699,
                0.6321539911633308,
                0.5796516710544525,
                0.5162490491855707,
                0.44694040222536385,
                0.37674041669412056,
                0.31027131450385387,
                0.2514414484376654,
                0.20321434699116303,
                0.16746928391326749,
                0.14496104212366104,
                0.13539486314405208,
                0.13764036759558002,
                0.15010978233713063,
                0.1713108539969508,
                0.2005430131883283,
                0.23863477503188546,
                0.2885354848985359,
                0.3555081201530073,
                0.4466656690460646,
                0.5696898609570973,
                0.7307790611759958,
                0.9321579429948728,
                1.169760544882322,
                1.431852937573262,
                1.6992837131658898,
                1.947696551875569,
                2.151474221084474,
                2.2885825623060243,
                2.3450765332472523,
                2.318006903576498,
                2.2158784716065636,
                2.0565348360546256,
                1.8631222466977853,
                1.6593314350494366,
                1.4652438338475309,
                1.2948008573249166,
                1.1553194919375045,
                1.0488270557847639,
                0.9744967443956397,
                0.9312530140216914,
                0.9196883863988359,
                0.9427174491714713,
                1.0047893162937602,
                1.109896807152712,
                1.2589856080463793,
                1.447607424052349,
                1.6646986219011393,
                1.8931363094369609,
                2.112227740043399,
                2.3016361391471025,
                2.4456540241426934,
                2.5364589713512125,
                2.5752009109375384,
                2.5704604389752275,
                2.5345523050144,
                2.47895714467086,
                2.4105014427658134,
                2.3296133948923927,
                2.231174491344733,
                2.107500663686288,
                1.9522290208620166,
                1.7636474938324522,
                1.5463382642065722
            ],
            "actualIsNotThisClass": [
                1.8957380119896567,
                1.9055537023687494,
                1.8811955164132081,
                1.8288548039746624,
                1.7572141872021625,
                1.6764563154672174,
                1.5970755893286113,
                1.5286564425945872,
                1.4787840815090967,
                1.4522302930857967,
                1.4505136008654576,
                1.4718778740114729,
                1.5116755002461626,
                1.563088698422787,
                1.6180820208477615,
                1.6684548983781096,
                1.7068571586084007,
                1.7276424177311913,
                1.7274615785134533,
                1.7055370212498124,
                1.6636018702023163,
                1.6055319137565847,
                1.5367347393264088,
                1.4633870342369042,
                1.3916241928976885,
                1.3267856945587864,
                1.272806291103627,
                1.2318193884564355,
                1.2040085905790017,
                1.1877102091308043,
                1.1797377880160795,
                1.1758732839440578,
                1.171451749477388,
                1.161959315303874,
                1.143568552652763,
                1.113549764299794,
                1.0705186473930175,
                1.0145062272928018,
                0.9468617656989998,
                0.8700197749489147,
                0.7871757728132432,
                0.701920964721898,
                0.6178841058201293,
                0.5384209478925791,
                0.4663800478899107,
                0.40396044870435993,
                0.35266360818061726,
                0.3133301947884434,
                0.2862427786114416,
                0.27126855573262865,
                0.26801252237298356,
                0.275951455866347,
                0.2945230920415023,
                0.3231531286026037,
                0.36121461290291823,
                0.4079284861482557,
                0.4622282348718747,
                0.5226227999314184,
                0.5870971579496906,
                0.653087168893727,
                0.717553815292956,
                0.7771633541089498,
                0.8285576940742757,
                0.8686783873250048,
                0.8950930578410604,
                0.9062687699470366,
                0.9017443138255008,
                0.8821712890094023,
                0.8492181785128647,
                0.8053566708170365,
                0.7535695337714428,
                0.6970300358999761,
                0.6388024531116886,
                0.581602692632993,
                0.5276410185798449,
                0.47855005812732415,
                0.4353853647478029,
                0.39867612185127566,
                0.36850131314636136,
                0.34457095029394336,
                0.32630022006278286,
                0.3128734988304599,
                0.30330219820741583,
                0.2964835498003726,
                0.29126635603670664,
                0.28652543226282967,
                0.28124084012111455,
                0.2745731851175375,
                0.2659239086194729,
                0.25497043173171974,
                0.24166993336316955,
                0.22623130615505327,
                0.20906079764882748,
                0.19069142140290277,
                0.1717083274930077,
                0.15268163435977317,
                0.1341152018901256,
                0.11641548459940242,
                0.09988016217842313,
                0.08470275745016861
            ],
            "actualIsThisClassMedian": 0.7539085606013229,
            "actualIsNotThisClassMedian": 0.16491784928491618
        },
        "Canceled": {
            "actualIsThisClass": [
                0.08470275745016854,
                0.09988016217842323,
                0.11641548459940253,
                0.1341152018901256,
                0.1526816343597733,
                0.1717083274930077,
                0.19069142140290277,
                0.2090607976488273,
                0.22623130615505307,
                0.24166993336316978,
                0.25497043173171996,
                0.2659239086194732,
                0.2745731851175375,
                0.28124084012111455,
                0.2865254322628299,
                0.29126635603670714,
                0.2964835498003729,
                0.30330219820741583,
                0.3128734988304596,
                0.3263002200627826,
                0.3445709502939437,
                0.3685013131463617,
                0.39867612185127566,
                0.4353853647478041,
                0.47855005812732415,
                0.5276410185798459,
                0.5816026926329925,
                0.6388024531116892,
                0.6970300358999768,
                0.7535695337714434,
                0.8053566708170372,
                0.849218178512867,
                0.8821712890094023,
                0.9017443138255008,
                0.9062687699470374,
                0.8950930578410595,
                0.8686783873250056,
                0.8285576940742764,
                0.7771633541089504,
                0.7175538152929554,
                0.6530871688937264,
                0.5870971579496906,
                0.5226227999314198,
                0.4622282348718735,
                0.4079284861482557,
                0.36121461290291823,
                0.3231531286026037,
                0.29452309204150257,
                0.2759514558663473,
                0.2680125223729838,
                0.2712685557326289,
                0.2862427786114423,
                0.3133301947884431,
                0.3526636081806169,
                0.403960448704361,
                0.46638004788991116,
                0.5384209478925791,
                0.6178841058201288,
                0.701920964721898,
                0.7871757728132439,
                0.8700197749489155,
                0.9468617656989989,
                1.0145062272928027,
                1.0705186473930166,
                1.113549764299794,
                1.143568552652761,
                1.161959315303874,
                1.171451749477387,
                1.1758732839440569,
                1.1797377880160795,
                1.1877102091308043,
                1.2040085905790017,
                1.2318193884564355,
                1.272806291103626,
                1.3267856945587888,
                1.3916241928976885,
                1.4633870342369018,
                1.536734739326406,
                1.6055319137565833,
                1.6636018702023119,
                1.7055370212498124,
                1.7274615785134548,
                1.7276424177311867,
                1.7068571586084023,
                1.6684548983781065,
                1.61808202084776,
                1.563088698422787,
                1.511675500246164,
                1.4718778740114729,
                1.4505136008654589,
                1.452230293085798,
                1.4787840815090991,
                1.5286564425945899,
                1.5970755893286113,
                1.6764563154672187,
                1.7572141872021625,
                1.8288548039746624,
                1.8811955164132081,
                1.9055537023687528,
                1.8957380119896567
            ],
            "actualIsNotThisClass": [
                1.5463382642065695,
                1.7636474938324522,
                1.9522290208620166,
                2.107500663686288,
                2.231174491344733,
                2.3296133948923927,
                2.410501442765818,
                2.4789571446708645,
                2.5345523050143957,
                2.570460438975223,
                2.575200910937534,
                2.5364589713512125,
                2.445654024142689,
                2.3016361391471065,
                2.112227740043395,
                1.8931363094369609,
                1.6646986219011393,
                1.447607424052349,
                1.2589856080463793,
                1.109896807152712,
                1.0047893162937602,
                0.9427174491714729,
                0.9196883863988359,
                0.931253014021693,
                0.9744967443956397,
                1.0488270557847656,
                1.1553194919375085,
                1.2948008573249166,
                1.4652438338475309,
                1.6593314350494366,
                1.8631222466977886,
                2.056534836054629,
                2.2158784716065676,
                2.31800690357649,
                2.3450765332472523,
                2.2885825623060243,
                2.151474221084474,
                1.947696551875569,
                1.6992837131658838,
                1.431852937573262,
                1.1697605448823198,
                0.9321579429948761,
                0.7307790611759944,
                0.5696898609570962,
                0.4466656690460634,
                0.35550812015300637,
                0.2885354848985364,
                0.23863477503188504,
                0.20054301318832793,
                0.1713108539969508,
                0.15010978233713052,
                0.13764036759557977,
                0.13539486314405197,
                0.14496104212366132,
                0.16746928391326793,
                0.2032143469911634,
                0.2514414484376659,
                0.31027131450385387,
                0.37674041669412023,
                0.44694040222536463,
                0.5162490491855711,
                0.579651671054452,
                0.6321539911633297,
                0.6692796762690705,
                0.6876226997276452,
                0.6853878686329615,
                0.6628149328468045,
                0.6223643197310517,
                0.5685655876373753,
                0.507497968927738,
                0.4459683644378257,
                0.3905409831837381,
                0.3466181517398262,
                0.3177541920491875,
                0.30531146404364773,
                0.3084710456272434,
                0.32452932044776206,
                0.34937389292989895,
                0.3780417340625579,
                0.40529956673828904,
                0.42622045337569947,
                0.43673763600259435,
                0.4341339446634253,
                0.4173918584460177,
                0.3873153336956606,
                0.3463613989724805,
                0.298186321379066,
                0.2469931135592733,
                0.19682844092600785,
                0.15098987863953672,
                0.11166361594219078,
                0.0798367090141852,
                0.05544847380920051,
                0.03769123116077038,
                0.025355006363198124,
                0.017129891060909612,
                0.011817779288600784,
                0.008444071654823089,
                0.006287203585048679,
                0.00485545529605642
            ],
            "actualIsThisClassMedian": 0.8350821507150837,
            "actualIsNotThisClassMedian": 0.2460914393986771
        }
    },
    "calibrationData": [
        {
            "y": 0,
            "x": 0,
            "n": 0
        },
        {
            "y": 0.018309859154929577,
            "x": 0.02731275907165027,
            "n": 710.0
        },
        {
            "y": 0.05982905982905983,
            "x": 0.11672644580761478,
            "n": 936.0
        },
        {
            "y": 0.16434540389972144,
            "x": 0.23607917701589087,
            "n": 359.0
        },
        {
            "y": 0.1884681583476764,
            "x": 0.34453877847582187,
            "n": 1162.0
        },
        {
            "y": 0.3274336283185841,
            "x": 0.45806952411592017,
            "n": 113.0
        },
        {
            "y": 0.47929936305732485,
            "x": 0.6482599442486561,
            "n": 628.0
        },
        {
            "y": 0.6842105263157895,
            "x": 0.7813710090623031,
            "n": 190.0
        },
        {
            "y": 0.7037815126050421,
            "x": 0.8350369305613903,
            "n": 476.0
        },
        {
            "y": 0.9940119760479041,
            "x": 0.9972195866939769,
            "n": 501.0
        },
        {
            "y": 1,
            "x": 1,
            "n": 0
        }
    ],
    "probaDistribData": {
        "bins": [
            0.0,
            0.1,
            0.2,
            0.3,
            0.4,
            0.5,
            0.6,
            0.7,
            0.8,
            0.9,
            1.0
        ],
        "probaDistribs": [
            [
                697.0,
                880.0,
                300.0,
                943.0,
                76.0,
                0.0,
                327.0,
                60.0,
                141.0,
                3.0
            ],
            [
                13.0,
                56.0,
                59.0,
                219.0,
                37.0,
                0.0,
                301.0,
                130.0,
                335.0,
                498.0
            ]
        ]
    },
    "globalMetrics": {
        "testWeight": 5075,
        "targetAvg": [
            0.3247290640394089
        ],
        "targetStd": [
            0.46831967225851195
        ],
        "predictionAvg": [
            0.3536945812807882
        ],
        "predictionStd": [
            0.4781158065295438
        ]
    }
}