{
    "predictedClassCountPerCut": [
        {
            "Canceled": 5061,
            "Not_Canceled": 14
        },
        {
            "Canceled": 4597,
            "Not_Canceled": 478
        },
        {
            "Canceled": 4365,
            "Not_Canceled": 710
        },
        {
            "Canceled": 4365,
            "Not_Canceled": 710
        },
        {
            "Canceled": 4365,
            "Not_Canceled": 710
        },
        {
            "Canceled": 3429,
            "Not_Canceled": 1646
        },
        {
            "Canceled": 3429,
            "Not_Canceled": 1646
        },
        {
            "Canceled": 3429,
            "Not_Canceled": 1646
        },
        {
            "Canceled": 3429,
            "Not_Canceled": 1646
        },
        {
            "Canceled": 3313,
            "Not_Canceled": 1762
        },
        {
            "Canceled": 3232,
            "Not_Canceled": 1843
        },
        {
            "Canceled": 3070,
            "Not_Canceled": 2005
        },
        {
            "Canceled": 3070,
            "Not_Canceled": 2005
        },
        {
            "Canceled": 2979,
            "Not_Canceled": 2096
        },
        {
            "Not_Canceled": 3167,
            "Canceled": 1908
        },
        {
            "Not_Canceled": 3167,
            "Canceled": 1908
        },
        {
            "Not_Canceled": 3167,
            "Canceled": 1908
        },
        {
            "Not_Canceled": 3174,
            "Canceled": 1901
        },
        {
            "Not_Canceled": 3174,
            "Canceled": 1901
        },
        {
            "Not_Canceled": 3280,
            "Canceled": 1795
        },
        {
            "Not_Canceled": 3280,
            "Canceled": 1795
        },
        {
            "Not_Canceled": 3280,
            "Canceled": 1795
        },
        {
            "Not_Canceled": 3280,
            "Canceled": 1795
        },
        {
            "Not_Canceled": 3280,
            "Canceled": 1795
        },
        {
            "Not_Canceled": 3280,
            "Canceled": 1795
        },
        {
            "Not_Canceled": 3387,
            "Canceled": 1688
        },
        {
            "Not_Canceled": 3552,
            "Canceled": 1523
        },
        {
            "Not_Canceled": 3908,
            "Canceled": 1167
        },
        {
            "Not_Canceled": 3908,
            "Canceled": 1167
        },
        {
            "Not_Canceled": 3908,
            "Canceled": 1167
        },
        {
            "Not_Canceled": 3908,
            "Canceled": 1167
        },
        {
            "Not_Canceled": 3908,
            "Canceled": 1167
        },
        {
            "Not_Canceled": 4098,
            "Canceled": 977
        },
        {
            "Not_Canceled": 4098,
            "Canceled": 977
        },
        {
            "Not_Canceled": 4574,
            "Canceled": 501
        },
        {
            "Not_Canceled": 4574,
            "Canceled": 501
        },
        {
            "Not_Canceled": 4574,
            "Canceled": 501
        },
        {
            "Not_Canceled": 4574,
            "Canceled": 501
        },
        {
            "Not_Canceled": 4587,
            "Canceled": 488
        },
        {
            "Not_Canceled": 4587,
            "Canceled": 488
        }
    ],
    "cuts": [
        0.0,
        0.025,
        0.05,
        0.075,
        0.1,
        0.125,
        0.15,
        0.175,
        0.2,
        0.225,
        0.25,
        0.275,
        0.3,
        0.325,
        0.35,
        0.375,
        0.4,
        0.425,
        0.45,
        0.475,
        0.5,
        0.525,
        0.55,
        0.575,
        0.6,
        0.625,
        0.65,
        0.675,
        0.7,
        0.725,
        0.75,
        0.775,
        0.8,
        0.825,
        0.85,
        0.875,
        0.9,
        0.925,
        0.95,
        0.975
    ],
    "predictedClassCount": {
        "Not_Canceled": 3280,
        "Canceled": 1795
    },
    "probabilityDensities": {
        "Not_Canceled": {
            "density": [
                0.6472496977015066,
                0.6515318654085965,
                0.6437393287205261,
                0.6266367437492606,
                0.6040424821057037,
                0.5803800202313464,
                0.5601349515635086,
                0.5472936407382549,
                0.5448416598285339,
                0.5543904519649854,
                0.5759816476279734,
                0.6080935547160374,
                0.647847196258477,
                0.6913832821050632,
                0.7343596761970504,
                0.77250379367211,
                0.802147838175832,
                0.82067784265674,
                0.826839811664114,
                0.8208661566382653,
                0.804410099192695,
                0.7803011172782448,
                0.7521571864103178,
                0.7239066015159132,
                0.6992817565019817,
                0.6813487856199815,
                0.6721307752245845,
                0.6723693616978662,
                0.6814514649493605,
                0.6975066521293607,
                0.7176586474844963,
                0.7383946537052214,
                0.7560013399423543,
                0.7670089984284103,
                0.7685867707026657,
                0.7588417199260118,
                0.7369909685863089,
                0.7033959890525318,
                0.6594678090035692,
                0.6074681447607644,
                0.550242155871581,
                0.4909228761962864,
                0.4326459551008113,
                0.3783075039521179,
                0.33038920316078096,
                0.2908647500055072,
                0.2611910854640911,
                0.24237705448016972,
                0.2351115187537046,
                0.2399230280414001,
                0.2573351621770963,
                0.2879774772407759,
                0.33261390621229486,
                0.3920604333020543,
                0.4669825568225218,
                0.557588967744732,
                0.6632668432281587,
                0.7822297149741675,
                0.9112635157698665,
                1.0456536542279569,
                1.1793526737340903,
                1.3054061954723206,
                1.4166020164970736,
                1.506255364472706,
                1.5690057588777688,
                1.6014886523972502,
                1.6027630426897226,
                1.5744216163871112,
                1.5203721666571721,
                1.4463426128668502,
                1.3592110731095008,
                1.2662853676671852,
                1.1746488329944276,
                1.0906556984101579,
                1.019610771465182,
                0.9656193995146372,
                0.9315581632858163,
                0.9191031089329305,
                0.9287619766454664,
                0.9598841082620068,
                1.0106556949334828,
                1.078116327303164,
                1.1582452468046764,
                1.2461574632693084,
                1.336423105753874,
                1.4234864521591415,
                1.5021262405460825,
                1.5678781785998268,
                1.6173419695132938,
                1.648319614016756,
                1.6597725903998806,
                1.6516304899890322,
                1.6245188794018262,
                1.5794886785629683,
                1.517819015615988,
                1.4409342874841156,
                1.3504346204274937,
                1.2482006152574712,
                1.136509999459132,
                1.0181018856559652
            ],
            "median": 0.6503084274195393
        },
        "Canceled": {
            "density": [
                1.0181018856559652,
                1.136509999459132,
                1.2482006152574734,
                1.3504346204274913,
                1.440934287484113,
                1.5178190156159908,
                1.5794886785629656,
                1.624518879401829,
                1.6516304899890322,
                1.6597725903998806,
                1.648319614016756,
                1.6173419695132938,
                1.5678781785998268,
                1.5021262405460825,
                1.4234864521591415,
                1.336423105753874,
                1.2461574632693107,
                1.1582452468046784,
                1.0781163273031658,
                1.0106556949334828,
                0.9598841082620068,
                0.9287619766454664,
                0.9191031089329305,
                0.9315581632858163,
                0.9656193995146354,
                1.019610771465182,
                1.0906556984101579,
                1.1746488329944276,
                1.2662853676671875,
                1.3592110731094984,
                1.4463426128668526,
                1.5203721666571721,
                1.5744216163871112,
                1.6027630426897226,
                1.6014886523972502,
                1.5690057588777688,
                1.5062553644727086,
                1.4166020164970763,
                1.3054061954723182,
                1.1793526737340883,
                1.0456536542279569,
                0.9112635157698682,
                0.7822297149741689,
                0.6632668432281562,
                0.557588967744733,
                0.466982556822521,
                0.3920604333020543,
                0.33261390621229425,
                0.2879774772407754,
                0.25733516217709534,
                0.2399230280414001,
                0.2351115187537046,
                0.24237705448016972,
                0.2611910854640916,
                0.29086475000550827,
                0.33038920316078096,
                0.37830750395211854,
                0.432645955100812,
                0.49092287619628555,
                0.550242155871581,
                0.6074681447607644,
                0.6594678090035692,
                0.7033959890525305,
                0.7369909685863102,
                0.7588417199260105,
                0.7685867707026629,
                0.7670089984284103,
                0.7560013399423556,
                0.7383946537052201,
                0.7176586474844963,
                0.6975066521293595,
                0.6814514649493593,
                0.6723693616978674,
                0.6721307752245858,
                0.6813487856199802,
                0.6992817565019817,
                0.7239066015159132,
                0.7521571864103165,
                0.7803011172782448,
                0.804410099192695,
                0.8208661566382669,
                0.8268398116641126,
                0.8206778426567415,
                0.802147838175832,
                0.77250379367211,
                0.7343596761970518,
                0.6913832821050632,
                0.647847196258477,
                0.6080935547160385,
                0.5759816476279734,
                0.5543904519649854,
                0.5448416598285348,
                0.5472936407382549,
                0.5601349515635096,
                0.5803800202313464,
                0.6040424821057048,
                0.6266367437492617,
                0.643739328720525,
                0.6515318654085965,
                0.6472496977015078
            ],
            "median": 0.34969157258046074
        }
    }
}