{
  "state": "DONE",
  "preSearchDescription": {
    "gridLength": 1,
    "searchStrategy": "GRID",
    "importantParams": [
      {
        "name": "max_depth",
        "vals": [
          "5"
        ]
      },
      {
        "name": "min_samples",
        "vals": [
          "1"
        ]
      },
      {
        "name": "criterion",
        "vals": [
          "gini"
        ]
      }
    ]
  },
  "postSearchDescription": {
    "importantParams": [
      {
        "name": "criterion",
        "val": "gini"
      },
      {
        "name": "max_depth",
        "val": "5"
      },
      {
        "name": "min_samples",
        "val": "1"
      }
    ]
  },
  "resumed": false,
  "timeOrderingEnabled": false,
  "sampleWeightsEnabled": false,
  "modelId": "m1",
  "progress": {
    "top_level_todo": [],
    "stack": [],
    "top_level_done": [
      {
        "name": "Loading train set",
        "time": 2775
      },
      {
        "name": "Loading test set",
        "time": 77
      },
      {
        "name": "Collecting statistics",
        "time": 164
      },
      {
        "name": "Preprocessing train set",
        "time": 335
      },
      {
        "name": "Preprocessing test set",
        "time": 134
      },
      {
        "name": "Fitting model",
        "time": 229
      },
      {
        "name": "Saving model",
        "time": 76
      },
      {
        "name": "Scoring model",
        "time": 1417
      },
      {
        "name": "Preparing explainability",
        "time": 4325
      }
    ]
  },
  "startTime": 1741868354905,
  "endTime": 1741868364487,
  "preprocessingTime": 3533,
  "trainingTime": 6049,
  "hyperparamsSearchTime": 0,
  "pythonVersion": "3.7.13",
  "packagesVersion": {
    "pandas": "1.1.5",
    "scikit-learn": "1.0.2",
    "scipy": "1.7.3",
    "lightgbm": "3.2.1",
    "flask": "2.2.5",
    "itsdangerous": "2.1.2",
    "jinja2": "3.0.3",
    "xgboost": "0.82",
    "werkzeug": "2.2.3",
    "statsmodels": "0.13.5",
    "markupsafe": "2.1.5",
    "cloudpickle": "1.5.0"
  }
}