{
    "tree": {
        "leftChild": [
            1,
            2,
            3,
            4,
            5,
            -1,
            -1,
            8,
            -1,
            -1,
            11,
            12,
            -1,
            -1,
            15,
            -1,
            -1,
            18,
            19,
            20,
            -1,
            -1,
            23,
            -1,
            -1,
            26,
            27,
            -1,
            -1,
            30,
            -1,
            -1,
            33,
            34,
            35,
            36,
            -1,
            -1,
            39,
            -1,
            -1,
            42,
            43,
            -1,
            -1,
            46,
            -1,
            -1,
            49,
            50,
            -1,
            52,
            -1,
            -1,
            55,
            -1,
            57,
            -1,
            -1
        ],
        "rightChild": [
            32,
            17,
            10,
            7,
            6,
            -1,
            -1,
            9,
            -1,
            -1,
            14,
            13,
            -1,
            -1,
            16,
            -1,
            -1,
            25,
            22,
            21,
            -1,
            -1,
            24,
            -1,
            -1,
            29,
            28,
            -1,
            -1,
            31,
            -1,
            -1,
            48,
            41,
            38,
            37,
            -1,
            -1,
            40,
            -1,
            -1,
            45,
            44,
            -1,
            -1,
            47,
            -1,
            -1,
            54,
            51,
            -1,
            53,
            -1,
            -1,
            56,
            -1,
            58,
            -1,
            -1
        ],
        "impurity": [
            0.5000000000000224,
            0.47199433800065227,
            0.499895620992433,
            0.38417114181232237,
            0.274938114458405,
            0.21082530050829296,
            0.4450951683836818,
            0.499495712474202,
            0.465907173412907,
            0.4306650013766813,
            0.42344750026573175,
            0.44755460988561,
            0.32476600601048733,
            0.4968702332437167,
            0.35090699791405733,
            0.44198332652379557,
            0.2754399045443062,
            0.3417656772451154,
            0.4005257816448372,
            0.09014658576407641,
            0.0713272741274491,
            0.48787958038166535,
            0.43235205314750236,
            0.1892064174584972,
            0.4548147532933454,
            0.14252052029886197,
            0.0525255224701473,
            0.04706066016552024,
            0.4777839169387642,
            0.3975642380293748,
            0.3752347292409062,
            0.0,
            0.2690274361243694,
            0.419317201672749,
            0.3339099712825543,
            0.46665608129042346,
            0.371060885706736,
            0.13304535506680037,
            0.21732920529308242,
            0.010315674424182242,
            0.3416607105185221,
            0.49131372424399955,
            0.4990697793849117,
            0.39222969975427424,
            0.4792047945098964,
            0.11679964490906558,
            0.05169045274078887,
            0.4777839169387553,
            0.04563858600685389,
            0.01599557556894038,
            -3.1086244689504383e-15,
            3.4361402612148595e-13,
            0.0,
            0.0,
            0.4267194551940936,
            -8.881784197001252e-16,
            0.41134753237725097,
            0.2811728983947269,
            0.0
        ],
        "threshold": [
            151.49999947928103,
            0.5000000083175588,
            0.5,
            90.49999991982399,
            1.4999999983025998,
            -2.0,
            -2.0,
            117.50000084878516,
            -2.0,
            -2.0,
            9.500000321837774,
            2.5000008664095787,
            -2.0,
            -2.0,
            99.8200000296586,
            -2.0,
            -2.0,
            1.4999999803216506,
            0.5,
            0.5,
            -2.0,
            -2.0,
            6.5000005552256965,
            -2.0,
            -2.0,
            90.49999991982399,
            2.4999999975903333,
            -2.0,
            -2.0,
            202.13999873436586,
            -2.0,
            -2.0,
            100.15000009398618,
            0.5000000083175588,
            1.4999999999657971,
            0.5,
            -2.0,
            -2.0,
            0.5,
            -2.0,
            -2.0,
            0.5,
            180.49999977431565,
            -2.0,
            -2.0,
            348.5000020112993,
            -2.0,
            -2.0,
            11.500000033830194,
            2.500000022976127,
            -2.0,
            1.5000000139509568,
            -2.0,
            -2.0,
            0.5000000083175588,
            -2.0,
            0.5,
            -2.0,
            -2.0
        ],
        "nSamples": [
            20317,
            16294,
            8469,
            4283,
            3302,
            2678,
            624,
            981,
            576,
            405,
            4186,
            956,
            494,
            462,
            3230,
            1322,
            1908,
            7825,
            5357,
            886,
            867,
            19,
            4471,
            695,
            3776,
            2468,
            2018,
            2011,
            7,
            450,
            442,
            8,
            4023,
            2244,
            1573,
            371,
            327,
            44,
            1202,
            474,
            728,
            671,
            512,
            145,
            367,
            159,
            152,
            7,
            1779,
            1712,
            1684,
            28,
            25,
            3,
            67,
            45,
            22,
            17,
            5
        ],
        "feature": [
            8,
            2,
            35,
            8,
            9,
            -2,
            -2,
            8,
            -2,
            -2,
            8,
            8,
            -2,
            -2,
            5,
            -2,
            -2,
            2,
            35,
            17,
            -2,
            -2,
            8,
            -2,
            -2,
            8,
            9,
            -2,
            -2,
            5,
            -2,
            -2,
            5,
            2,
            4,
            35,
            -2,
            -2,
            36,
            -2,
            -2,
            36,
            8,
            -2,
            -2,
            8,
            -2,
            -2,
            6,
            2,
            -2,
            7,
            -2,
            -2,
            2,
            -2,
            26,
            -2,
            -2
        ],
        "probas": [
            [
                0.49999999999994904,
                0.500000000000051
            ],
            [
                0.6183335582142284,
                0.3816664417857716
            ],
            [
                0.4927757696704814,
                0.5072242303295186
            ],
            [
                0.7406541690763554,
                0.2593458309236446
            ],
            [
                0.8354563202129871,
                0.16454367978701298
            ],
            [
                0.8802464329166838,
                0.11975356708331632
            ],
            [
                0.6656877056639713,
                0.33431229433602877
            ],
            [
                0.4841209646741384,
                0.5158790353258615
            ],
            [
                0.36943808635919756,
                0.6305619136408024
            ],
            [
                0.6861921032472968,
                0.31380789675270304
            ],
            [
                0.3043568302566616,
                0.6956431697433384
            ],
            [
                0.6619342306530446,
                0.33806576934695537
            ],
            [
                0.7960016841079833,
                0.20399831589201659
            ],
            [
                0.5395586068780768,
                0.4604413931219233
            ],
            [
                0.2269679486891642,
                0.7730320513108357
            ],
            [
                0.3296816605937603,
                0.6703183394062397
            ],
            [
                0.16491784928491618,
                0.8350821507150837
            ],
            [
                0.7812777299698416,
                0.2187222700301585
            ],
            [
                0.723018181271386,
                0.2769818187286139
            ],
            [
                0.9526883112230338,
                0.04731168877696624
            ],
            [
                0.9629647534491976,
                0.037035246550802314
            ],
            [
                0.577847349403554,
                0.422152650596446
            ],
            [
                0.6839129506757591,
                0.3160870493242409
            ],
            [
                0.894203997025337,
                0.10579600297466296
            ],
            [
                0.6503084274195393,
                0.34969157258046074
            ],
            [
                0.9227762290509814,
                0.07722377094901861
            ],
            [
                0.9730087089736463,
                0.02699129102635371
            ],
            [
                0.9758882956295908,
                0.02411170437040915
            ],
            [
                0.3946053059655142,
                0.6053946940344859
            ],
            [
                0.7263136782992363,
                0.2736863217007636
            ],
            [
                0.7497651604598818,
                0.25023483954011816
            ],
            [
                0.0,
                1.0
            ],
            [
                0.16016727359199895,
                0.839832726408001
            ],
            [
                0.29914831550713006,
                0.7008516844928699
            ],
            [
                0.21182468121176967,
                0.7881753187882303
            ],
            [
                0.6291199417394194,
                0.3708800582605806
            ],
            [
                0.7539085606013229,
                0.2460914393986771
            ],
            [
                0.07165747063056996,
                0.9283425293694301
            ],
            [
                0.1240539967582324,
                0.8759460032417676
            ],
            [
                0.00518471851820423,
                0.9948152814817959
            ],
            [
                0.21862899093769658,
                0.7813710090623034
            ],
            [
                0.5659024876465967,
                0.43409751235340327
            ],
            [
                0.4784335838038307,
                0.5215664161961692
            ],
            [
                0.7321317516473418,
                0.26786824835265816
            ],
            [
                0.3980313639148977,
                0.6019686360851022
            ],
            [
                0.9377215753712244,
                0.06227842462877567
            ],
            [
                0.9734498639028272,
                0.026550136097172793
            ],
            [
                0.3946053059655142,
                0.6053946940344859
            ],
            [
                0.023365226828076034,
                0.9766347731719239
            ],
            [
                0.008062796471410824,
                0.9919372035285892
            ],
            [
                0.0,
                1.0
            ],
            [
                1.0,
                0.0
            ],
            [
                1.0,
                0.0
            ],
            [
                1.0,
                0.0
            ],
            [
                0.6914164893707235,
                0.30858351062927647
            ],
            [
                1.0,
                0.0
            ],
            [
                0.2894620371254264,
                0.7105379628745736
            ],
            [
                0.16922280791651237,
                0.8307771920834875
            ],
            [
                1.0,
                0.0
            ]
        ],
        "targetClassesProportions": [
            [
                0.6716542796672288,
                0.3283457203327712
            ],
            [
                0.7681968822879507,
                0.23180311771204937
            ],
            [
                0.6652497343252073,
                0.33475026567479266
            ],
            [
                0.8538407658183532,
                0.1461592341816468
            ],
            [
                0.9121744397334914,
                0.08782556026650852
            ],
            [
                0.9376400298730364,
                0.062359970126963635
            ],
            [
                0.8028846153846152,
                0.19711538461538486
            ],
            [
                0.6574923547400617,
                0.34250764525993826
            ],
            [
                0.5451388888888864,
                0.4548611111111136
            ],
            [
                0.8172839506172824,
                0.18271604938271754
            ],
            [
                0.4722885809842342,
                0.5277114190157657
            ],
            [
                0.8002092050209213,
                0.1997907949790787
            ],
            [
                0.8886639676113356,
                0.11133603238866437
            ],
            [
                0.7056277056277035,
                0.2943722943722965
            ],
            [
                0.37523219814242437,
                0.6247678018575755
            ],
            [
                0.5015128593040901,
                0.49848714069591005
            ],
            [
                0.28773584905660204,
                0.7122641509433979
            ],
            [
                0.8796166134185388,
                0.12038338658146117
            ],
            [
                0.8422624603322802,
                0.1577375396677197
            ],
            [
                0.9762979683972913,
                0.023702031602708614
            ],
            [
                0.9815455594002308,
                0.018454440599769174
            ],
            [
                0.736842105263158,
                0.2631578947368421
            ],
            [
                0.8157011854171331,
                0.18429881458286687
            ],
            [
                0.9453237410071945,
                0.054676258992805565
            ],
            [
                0.7918432203389777,
                0.2081567796610224
            ],
            [
                0.9606969205834666,
                0.0393030794165335
            ],
            [
                0.9866204162537161,
                0.013379583746283882
            ],
            [
                0.988065638985579,
                0.01193436101442107
            ],
            [
                0.5714285714285714,
                0.42857142857142855
            ],
            [
                0.8444444444444434,
                0.15555555555555656
            ],
            [
                0.8597285067873294,
                0.1402714932126706
            ],
            [
                0.0,
                1.0
            ],
            [
                0.2806363410390344,
                0.7193636589609655
            ],
            [
                0.4661319073083785,
                0.5338680926916215
            ],
            [
                0.3547361729179911,
                0.6452638270820089
            ],
            [
                0.7762803234501332,
                0.22371967654986674
            ],
            [
                0.8623853211009164,
                0.13761467889908352
            ],
            [
                0.13636363636363633,
                0.8636363636363638
            ],
            [
                0.22462562396006563,
                0.7753743760399343
            ],
            [
                0.010548523206751148,
                0.9894514767932489
            ],
            [
                0.36401098901098944,
                0.6359890109890105
            ],
            [
                0.7272727272727268,
                0.27272727272727315
            ],
            [
                0.6523437499999977,
                0.34765625000000233
            ],
            [
                0.8482758620689657,
                0.15172413793103443
            ],
            [
                0.5749318801089907,
                0.42506811989100934
            ],
            [
                0.9685534591194969,
                0.03144654088050314
            ],
            [
                0.9868421052631579,
                0.013157894736842103
            ],
            [
                0.5714285714285714,
                0.42857142857142855
            ],
            [
                0.04665542439572857,
                0.9533445756042714
            ],
            [
                0.016355140186916105,
                0.9836448598130839
            ],
            [
                0.0,
                1.0
            ],
            [
                1.0,
                0.0
            ],
            [
                1.0,
                0.0
            ],
            [
                1.0,
                0.0
            ],
            [
                0.8208955223880599,
                0.17910447761194026
            ],
            [
                1.0,
                0.0
            ],
            [
                0.45454545454545464,
                0.5454545454545454
            ],
            [
                0.29411764705882354,
                0.7058823529411764
            ],
            [
                1.0,
                0.0
            ]
        ]
    },
    "featureNames": [
        "previous_cancellations",
        "week_nights",
        "number_of_special_requests",
        "year",
        "adults",
        "avg_price_per_room",
        "month",
        "children",
        "lead_time",
        "weekend_nights",
        "day",
        "day_of_week",
        "dummy:parking_request:No",
        "dummy:parking_request:Yes",
        "dummy:parking_request:N/A",
        "dummy:parking_request:__Others__",
        "dummy:meal_plan:Meal Plan 1",
        "dummy:meal_plan:Not Selected",
        "dummy:meal_plan:Meal Plan 2",
        "dummy:meal_plan:Meal Plan 3",
        "dummy:meal_plan:N/A",
        "dummy:meal_plan:__Others__",
        "dummy:first_time:Yes",
        "dummy:first_time:No",
        "dummy:first_time:N/A",
        "dummy:first_time:__Others__",
        "dummy:room_type_reserved:Room_Type 1",
        "dummy:room_type_reserved:Room_Type 4",
        "dummy:room_type_reserved:Room_Type 6",
        "dummy:room_type_reserved:Room_Type 2",
        "dummy:room_type_reserved:Room_Type 5",
        "dummy:room_type_reserved:Room_Type 7",
        "dummy:room_type_reserved:Room_Type 3",
        "dummy:room_type_reserved:N/A",
        "dummy:room_type_reserved:__Others__",
        "dummy:market_type:Online",
        "dummy:market_type:Offline",
        "dummy:market_type:Corporate",
        "dummy:market_type:Complementary",
        "dummy:market_type:Aviation",
        "dummy:market_type:N/A",
        "dummy:market_type:__Others__"
    ],
    "classes": [
        "Not_Canceled",
        "Canceled"
    ]
}