{
    "perClassFacts": {
        "unique": {
            "lead_time": {
                "impact": 1.0332359141682708,
                "rank": 1,
                "feature": "lead_time",
                "correlation": 0.9836995035862005,
                "type": "NUMERICAL"
            },
            "number_of_special_requests": {
                "impact": 0.9249143442666754,
                "rank": 2,
                "feature": "number_of_special_requests",
                "correlation": -0.7822545245118249,
                "type": "NUMERICAL"
            },
            "market_type": {
                "impact": 0.7654413136386328,
                "rank": 3,
                "feature": "market_type",
                "positiveCategoricalValue": "Online",
                "negativeCategoricalValue": "Offline",
                "infoGain": 0.6823527286774513,
                "type": "CATEGORICAL"
            },
            "avg_price_per_room": {
                "impact": 0.4706030941986972,
                "rank": 4,
                "feature": "avg_price_per_room",
                "correlation": 0.9919633552878114,
                "type": "NUMERICAL"
            },
            "room_type_reserved": {
                "impact": 0.0943565690925719,
                "rank": 7,
                "feature": "room_type_reserved",
                "positiveCategoricalValue": "Room_Type 1",
                "negativeCategoricalValue": "Room_Type 4",
                "infoGain": 0.5586433855473838,
                "type": "CATEGORICAL"
            },
            "month": {
                "impact": 0.08837785104661869,
                "rank": 8,
                "feature": "month",
                "correlation": -0.9529971011678465,
                "type": "NUMERICAL"
            },
            "adults": {
                "impact": 0.03006523272885442,
                "rank": 11,
                "feature": "adults",
                "correlation": 0.7186211097381836,
                "type": "NUMERICAL"
            },
            "day_of_week": {
                "impact": 0.010310921461158048,
                "rank": 13,
                "feature": "day_of_week",
                "correlation": -0.924061817278456,
                "type": "NUMERICAL"
            },
            "day": {
                "impact": 0.0004929464859092486,
                "rank": 17,
                "feature": "day",
                "correlation": 0.9809372190251364,
                "type": "NUMERICAL"
            }
        }
    }
}