[
    {
        "test_score_gib": 0.781496062992126,
        "train_score": 0.781332677044238,
        "test_score": 0.781496062992126,
        "num_samples": 4064,
        "fit_time": 364,
        "score_time": 14,
        "time": 378,
        "parameters": {
            "C": 0.1,
            "penalty": "l2"
        },
        "done_at": 1741868297494,
        "split_id": 0
    },
    {
        "test_score_gib": 0.780757874015748,
        "train_score": 0.7799790807850858,
        "test_score": 0.780757874015748,
        "num_samples": 4064,
        "fit_time": 383,
        "score_time": 14,
        "time": 397,
        "parameters": {
            "C": 0.1,
            "penalty": "l2"
        },
        "done_at": 1741868297517,
        "split_id": 1
    },
    {
        "test_score_gib": 0.7792271720403643,
        "train_score": 0.7757475083056479,
        "test_score": 0.7792271720403643,
        "num_samples": 4063,
        "fit_time": 380,
        "score_time": 22,
        "time": 402,
        "parameters": {
            "C": 0.1,
            "penalty": "l2"
        },
        "done_at": 1741868297522,
        "split_id": 2
    },
    {
        "test_score_gib": 0.776765936500123,
        "train_score": 0.7812846068660022,
        "test_score": 0.776765936500123,
        "num_samples": 4063,
        "fit_time": 257,
        "score_time": 12,
        "time": 269,
        "parameters": {
            "C": 0.1,
            "penalty": "l2"
        },
        "done_at": 1741868297397,
        "split_id": 3
    },
    {
        "test_score_gib": 0.7782426778242678,
        "train_score": 0.7803617571059431,
        "test_score": 0.7782426778242678,
        "num_samples": 4063,
        "fit_time": 269,
        "score_time": 12,
        "time": 281,
        "parameters": {
            "C": 0.1,
            "penalty": "l2"
        },
        "done_at": 1741868297685,
        "split_id": 4
    },
    {
        "test_score_gib": 0.7785433070866141,
        "train_score": 0.7785024303205562,
        "test_score": 0.7785433070866141,
        "num_samples": 4064,
        "fit_time": 185,
        "score_time": 30,
        "time": 215,
        "parameters": {
            "C": 0.01,
            "penalty": "l2"
        },
        "done_at": 1741868297715,
        "split_id": 0
    },
    {
        "test_score_gib": 0.78001968503937,
        "train_score": 0.7794868639635759,
        "test_score": 0.78001968503937,
        "num_samples": 4064,
        "fit_time": 223,
        "score_time": 17,
        "time": 240,
        "parameters": {
            "C": 0.01,
            "penalty": "l2"
        },
        "done_at": 1741868297763,
        "split_id": 1
    },
    {
        "test_score_gib": 0.7792271720403643,
        "train_score": 0.7779008244124523,
        "test_score": 0.7792271720403643,
        "num_samples": 4063,
        "fit_time": 210,
        "score_time": 15,
        "time": 225,
        "parameters": {
            "C": 0.01,
            "penalty": "l2"
        },
        "done_at": 1741868297752,
        "split_id": 2
    },
    {
        "test_score_gib": 0.7728279596357371,
        "train_score": 0.780792420327304,
        "test_score": 0.7728279596357371,
        "num_samples": 4063,
        "fit_time": 187,
        "score_time": 17,
        "time": 204,
        "parameters": {
            "C": 0.01,
            "penalty": "l2"
        },
        "done_at": 1741868297901,
        "split_id": 3
    },
    {
        "test_score_gib": 0.7797194191484125,
        "train_score": 0.7767318813830442,
        "test_score": 0.7797194191484125,
        "num_samples": 4063,
        "fit_time": 178,
        "score_time": 27,
        "time": 205,
        "parameters": {
            "C": 0.01,
            "penalty": "l2"
        },
        "done_at": 1741868297925,
        "split_id": 4
    },
    {
        "test_score_gib": 0.7780511811023622,
        "train_score": 0.7807789331200394,
        "test_score": 0.7780511811023622,
        "num_samples": 4064,
        "fit_time": 823,
        "score_time": 23,
        "time": 846,
        "parameters": {
            "C": 10.0,
            "penalty": "l2"
        },
        "done_at": 1741868298601,
        "split_id": 0
    },
    {
        "test_score_gib": 0.781496062992126,
        "train_score": 0.7804712976065957,
        "test_score": 0.781496062992126,
        "num_samples": 4064,
        "fit_time": 836,
        "score_time": 40,
        "time": 876,
        "parameters": {
            "C": 10.0,
            "penalty": "l2"
        },
        "done_at": 1741868298648,
        "split_id": 1
    },
    {
        "test_score_gib": 0.778734924932316,
        "train_score": 0.7756859849883105,
        "test_score": 0.778734924932316,
        "num_samples": 4063,
        "fit_time": 1493,
        "score_time": 40,
        "time": 1533,
        "parameters": {
            "C": 10.0,
            "penalty": "l2"
        },
        "done_at": 1741868299442,
        "split_id": 2
    },
    {
        "test_score_gib": 0.776765936500123,
        "train_score": 0.7815922234526885,
        "test_score": 0.776765936500123,
        "num_samples": 4063,
        "fit_time": 942,
        "score_time": 26,
        "time": 968,
        "parameters": {
            "C": 10.0,
            "penalty": "l2"
        },
        "done_at": 1741868298903,
        "split_id": 3
    },
    {
        "test_score_gib": 0.7777504307162195,
        "train_score": 0.7785775809031623,
        "test_score": 0.7777504307162195,
        "num_samples": 4063,
        "fit_time": 968,
        "score_time": 15,
        "time": 983,
        "parameters": {
            "C": 10.0,
            "penalty": "l2"
        },
        "done_at": 1741868299587,
        "split_id": 4
    },
    {
        "test_score_gib": 0.7775590551181102,
        "train_score": 0.7796714452716421,
        "test_score": 0.7775590551181102,
        "num_samples": 4064,
        "fit_time": 734,
        "score_time": 25,
        "time": 759,
        "parameters": {
            "C": 1.0,
            "penalty": "l2"
        },
        "done_at": 1741868299416,
        "split_id": 0
    },
    {
        "test_score_gib": 0.780757874015748,
        "train_score": 0.7802867162985295,
        "test_score": 0.780757874015748,
        "num_samples": 4064,
        "fit_time": 832,
        "score_time": 30,
        "time": 862,
        "parameters": {
            "C": 1.0,
            "penalty": "l2"
        },
        "done_at": 1741868299777,
        "split_id": 1
    },
    {
        "test_score_gib": 0.7792271720403643,
        "train_score": 0.775993601574997,
        "test_score": 0.7792271720403643,
        "num_samples": 4063,
        "fit_time": 862,
        "score_time": 42,
        "time": 904,
        "parameters": {
            "C": 1.0,
            "penalty": "l2"
        },
        "done_at": 1741868300335,
        "split_id": 2
    },
    {
        "test_score_gib": 0.776765936500123,
        "train_score": 0.7809769902793159,
        "test_score": 0.776765936500123,
        "num_samples": 4063,
        "fit_time": 809,
        "score_time": 16,
        "time": 825,
        "parameters": {
            "C": 1.0,
            "penalty": "l2"
        },
        "done_at": 1741868300277,
        "split_id": 3
    },
    {
        "test_score_gib": 0.7789810484863401,
        "train_score": 0.7814076535006768,
        "test_score": 0.7789810484863401,
        "num_samples": 4063,
        "fit_time": 730,
        "score_time": 47,
        "time": 777,
        "parameters": {
            "C": 1.0,
            "penalty": "l2"
        },
        "done_at": 1741868300376,
        "split_id": 4
    },
    {
        "test_score_gib": 0.7782972440944882,
        "train_score": 0.7807174060173506,
        "test_score": 0.7782972440944882,
        "num_samples": 4064,
        "fit_time": 1179,
        "score_time": 12,
        "time": 1191,
        "parameters": {
            "C": 100.0,
            "penalty": "l2"
        },
        "done_at": 1741868300971,
        "split_id": 0
    },
    {
        "test_score_gib": 0.781496062992126,
        "train_score": 0.7802867162985295,
        "test_score": 0.781496062992126,
        "num_samples": 4064,
        "fit_time": 1352,
        "score_time": 18,
        "time": 1370,
        "parameters": {
            "C": 100.0,
            "penalty": "l2"
        },
        "done_at": 1741868301658,
        "split_id": 1
    },
    {
        "test_score_gib": 0.7789810484863401,
        "train_score": 0.7755014150362988,
        "test_score": 0.7789810484863401,
        "num_samples": 4063,
        "fit_time": 1515,
        "score_time": 14,
        "time": 1529,
        "parameters": {
            "C": 100.0,
            "penalty": "l2"
        },
        "done_at": 1741868301876,
        "split_id": 2
    },
    {
        "test_score_gib": 0.776765936500123,
        "train_score": 0.7815307001353513,
        "test_score": 0.776765936500123,
        "num_samples": 4063,
        "fit_time": 1109,
        "score_time": 19,
        "time": 1128,
        "parameters": {
            "C": 100.0,
            "penalty": "l2"
        },
        "done_at": 1741868301516,
        "split_id": 3
    },
    {
        "test_score_gib": 0.7777504307162195,
        "train_score": 0.7784545342684878,
        "test_score": 0.7777504307162195,
        "num_samples": 4063,
        "fit_time": 1037,
        "score_time": 10,
        "time": 1047,
        "parameters": {
            "C": 100.0,
            "penalty": "l2"
        },
        "done_at": 1741868302025,
        "split_id": 4
    }
]