{
    "modelInputNRows": 20317,
    "modelInputNCols": 32,
    "modelInputIsSparse": false,
    "modelInputMemory": 5201152,
    "usedGridSearch": true,
    "gridSize": 5,
    "gridBestScore": 0.7792981247231383,
    "gridCells": [
        {
            "params": {
                "C": 0.1,
                "penalty": "l2"
            },
            "score": 0.7792981247231383,
            "scoreStd": 0.0017025314620835199,
            "fitTime": 0.3306,
            "fitTimeStd": 0.05570134648282751,
            "scoreTime": 0.0148,
            "scoreTimeStd": 0.0037094473981982815
        },
        {
            "params": {
                "C": 0.01,
                "penalty": "l2"
            },
            "score": 0.778067628094699,
            "scoreStd": 0.002666884728662991,
            "fitTime": 0.1966,
            "fitTimeStd": 0.017024687956024333,
            "scoreTime": 0.0212,
            "scoreTimeStd": 0.006079473661428265
        },
        {
            "params": {
                "C": 10.0,
                "penalty": "l2"
            },
            "score": 0.7785598267460747,
            "scoreStd": 0.0015990593586188546,
            "fitTime": 1.0124,
            "fitTimeStd": 0.2469385348624228,
            "scoreTime": 0.0288,
            "scoreTimeStd": 0.009826494797230599
        },
        {
            "params": {
                "C": 1.0,
                "penalty": "l2"
            },
            "score": 0.7786582664763498,
            "scoreStd": 0.0013875018314937252,
            "fitTime": 0.7934,
            "fitTimeStd": 0.05289083096340991,
            "scoreTime": 0.032,
            "scoreTimeStd": 0.011260550608207397
        },
        {
            "params": {
                "C": 100.0,
                "penalty": "l2"
            },
            "score": 0.7786582664763498,
            "scoreStd": 0.0015933271746777227,
            "fitTime": 1.2384000000000002,
            "fitTimeStd": 0.17334774299078717,
            "scoreTime": 0.0146,
            "scoreTimeStd": 0.0034409301068170505
        }
    ],
    "lmCoefficients": {
        "variables": [
            "previous_cancellations",
            "week_nights",
            "number_of_special_requests",
            "year",
            "adults",
            "avg_price_per_room",
            "month",
            "children",
            "lead_time",
            "weekend_nights",
            "day",
            "day_of_week",
            "dummy:parking_request:No",
            "dummy:meal_plan:Meal Plan 1",
            "dummy:meal_plan:Not Selected",
            "dummy:meal_plan:Meal Plan 2",
            "dummy:first_time:Yes",
            "dummy:room_type_reserved:Room_Type 1",
            "dummy:room_type_reserved:Room_Type 4",
            "dummy:room_type_reserved:Room_Type 6",
            "dummy:room_type_reserved:Room_Type 2",
            "dummy:room_type_reserved:Room_Type 5",
            "dummy:room_type_reserved:Room_Type 7",
            "dummy:market_type:Online",
            "dummy:market_type:Offline",
            "dummy:market_type:Corporate",
            "dummy:market_type:Complementary"
        ],
        "coefs": [
            -0.01758793417183447,
            0.033934456924423644,
            -1.1787181946483412,
            0.15275140663112916,
            0.03380211088509795,
            0.5896936742456422,
            -0.10563442227616955,
            0.020225156927105723,
            1.3434198224682516,
            0.15744699058180928,
            0.0006406001745921222,
            -0.012302352116565272,
            1.0061453683281196,
            -0.5836387204086434,
            -0.3826196501403742,
            -0.374766920125425,
            0.6223037913618443,
            0.09266376067768027,
            -0.10948460908530379,
            -0.4807916046469327,
            -0.03513965100162642,
            -0.2475832283750963,
            -0.559941059692547,
            0.4519508618137571,
            -1.3429576466333075,
            -0.5149533862490442,
            -0.5616787413954277
        ],
        "interceptStderr": null,
        "interceptTstat": null,
        "interceptPvalue": null,
        "interceptCoef": -1.3459924468177893,
        "rescaledCoefs": [
            -0.05065033685848846,
            0.41630433678573653,
            -1.4916496257974845,
            0.3969125150229318,
            0.06666321154970896,
            0.01666049703508619,
            -0.03453947795500958,
            0.09820068928573975,
            0.01569391668074168,
            0.31305359644397385,
            7.305561913065902e-05,
            -0.0059483203830543755,
            1.0061453683281196,
            -0.5836387204086434,
            -0.3826196501403742,
            -0.374766920125425,
            0.6223037913618443,
            0.09266376067768027,
            -0.10948460908530379,
            -0.4807916046469327,
            -0.03513965100162642,
            -0.2475832283750963,
            -0.559941059692547,
            0.4519508618137571,
            -1.3429576466333075,
            -0.5149533862490442,
            -0.5616787413954277
        ],
        "rescaledInterceptCoef": -805.5636440424149
    },
    "probaAware": true
}