{
    "metrics": {},
    "processed_feature_names": [
        "previous_cancellations",
        "week_nights",
        "number_of_special_requests",
        "year",
        "adults",
        "avg_price_per_room",
        "month",
        "children",
        "lead_time",
        "weekend_nights",
        "day",
        "day_of_week",
        "dummy:parking_request:No",
        "dummy:parking_request:N/A",
        "dummy:meal_plan:Meal Plan 1",
        "dummy:meal_plan:Not Selected",
        "dummy:meal_plan:Meal Plan 2",
        "dummy:meal_plan:N/A",
        "dummy:first_time:Yes",
        "dummy:first_time:N/A",
        "dummy:room_type_reserved:Room_Type 1",
        "dummy:room_type_reserved:Room_Type 4",
        "dummy:room_type_reserved:Room_Type 6",
        "dummy:room_type_reserved:Room_Type 2",
        "dummy:room_type_reserved:Room_Type 5",
        "dummy:room_type_reserved:Room_Type 7",
        "dummy:room_type_reserved:N/A",
        "dummy:market_type:Online",
        "dummy:market_type:Offline",
        "dummy:market_type:Corporate",
        "dummy:market_type:Complementary",
        "dummy:market_type:N/A"
    ],
    "optimalThreshold": 0.55,
    "usedThreshold": 0.55,
    "perCutData": {
        "cut": [
            0.0,
            0.025,
            0.05,
            0.075,
            0.1,
            0.125,
            0.15,
            0.175,
            0.2,
            0.225,
            0.25,
            0.275,
            0.3,
            0.325,
            0.35,
            0.375,
            0.4,
            0.425,
            0.45,
            0.475,
            0.5,
            0.525,
            0.55,
            0.575,
            0.6,
            0.625,
            0.65,
            0.675,
            0.7,
            0.725,
            0.75,
            0.775,
            0.8,
            0.825,
            0.85,
            0.875,
            0.9,
            0.925,
            0.95,
            0.975
        ],
        "tp": [
            1648,
            1648,
            1644,
            1638,
            1626,
            1618,
            1605,
            1595,
            1578,
            1559,
            1536,
            1511,
            1496,
            1469,
            1428,
            1400,
            1367,
            1342,
            1326,
            1288,
            1259,
            1235,
            1206,
            1174,
            1141,
            1117,
            1062,
            1009,
            969,
            912,
            863,
            788,
            712,
            641,
            571,
            487,
            420,
            284,
            198,
            92
        ],
        "tn": [
            0,
            171,
            385,
            585,
            792,
            1005,
            1177,
            1360,
            1543,
            1682,
            1789,
            1934,
            2048,
            2168,
            2246,
            2359,
            2426,
            2500,
            2569,
            2633,
            2696,
            2772,
            2837,
            2896,
            2937,
            2983,
            3019,
            3054,
            3097,
            3157,
            3190,
            3225,
            3272,
            3298,
            3320,
            3343,
            3378,
            3397,
            3417,
            3425
        ],
        "fp": [
            3427,
            3256,
            3042,
            2842,
            2635,
            2422,
            2250,
            2067,
            1884,
            1745,
            1638,
            1493,
            1379,
            1259,
            1181,
            1068,
            1001,
            927,
            858,
            794,
            731,
            655,
            590,
            531,
            490,
            444,
            408,
            373,
            330,
            270,
            237,
            202,
            155,
            129,
            107,
            84,
            49,
            30,
            10,
            2
        ],
        "fn": [
            0,
            0,
            4,
            10,
            22,
            30,
            43,
            53,
            70,
            89,
            112,
            137,
            152,
            179,
            220,
            248,
            281,
            306,
            322,
            360,
            389,
            413,
            442,
            474,
            507,
            531,
            586,
            639,
            679,
            736,
            785,
            860,
            936,
            1007,
            1077,
            1161,
            1228,
            1364,
            1450,
            1556
        ],
        "precision": [
            0.3247290640394089,
            0.3360522022838499,
            0.3508322663252241,
            0.365625,
            0.38160056324806385,
            0.4004950495049505,
            0.4163424124513619,
            0.4355543418896778,
            0.4558058925476603,
            0.47185230024213076,
            0.4839319470699433,
            0.5029960053262317,
            0.5203478260869565,
            0.5384897360703812,
            0.5473361441165198,
            0.5672609400324149,
            0.5772804054054054,
            0.5914499779638608,
            0.6071428571428571,
            0.6186359269932757,
            0.6326633165829145,
            0.6534391534391535,
            0.6714922048997772,
            0.6885630498533725,
            0.6995708154506438,
            0.7155669442664958,
            0.7224489795918367,
            0.7301013024602026,
            0.745958429561201,
            0.7715736040609137,
            0.7845454545454545,
            0.795959595959596,
            0.8212226066897347,
            0.8324675324675325,
            0.8421828908554573,
            0.8528896672504378,
            0.8955223880597015,
            0.9044585987261147,
            0.9519230769230769,
            0.9787234042553191
        ],
        "recall": [
            1.0,
            1.0,
            0.9975728155339806,
            0.9939320388349514,
            0.9866504854368932,
            0.9817961165048543,
            0.9739077669902912,
            0.9678398058252428,
            0.9575242718446602,
            0.945995145631068,
            0.9320388349514563,
            0.9168689320388349,
            0.9077669902912622,
            0.8913834951456311,
            0.866504854368932,
            0.8495145631067961,
            0.8294902912621359,
            0.8143203883495146,
            0.8046116504854369,
            0.7815533980582524,
            0.7639563106796117,
            0.7493932038834952,
            0.7317961165048543,
            0.712378640776699,
            0.6923543689320388,
            0.6777912621359223,
            0.6444174757281553,
            0.6122572815533981,
            0.5879854368932039,
            0.5533980582524272,
            0.5236650485436893,
            0.47815533980582525,
            0.4320388349514563,
            0.38895631067961167,
            0.34648058252427183,
            0.2955097087378641,
            0.25485436893203883,
            0.17233009708737865,
            0.12014563106796117,
            0.055825242718446605
        ],
        "accuracy": [
            0.3247290640394089,
            0.35842364532019705,
            0.3998029556650246,
            0.4380295566502463,
            0.47645320197044333,
            0.5168472906403941,
            0.5481773399014779,
            0.5822660098522168,
            0.614975369458128,
            0.6386206896551724,
            0.6551724137931034,
            0.6788177339901478,
            0.6983251231527093,
            0.7166502463054187,
            0.7239408866995074,
            0.7406896551724138,
            0.7473891625615764,
            0.7570443349753695,
            0.767487684729064,
            0.7726108374384236,
            0.7793103448275862,
            0.7895566502463054,
            0.7966502463054187,
            0.8019704433497536,
            0.8035467980295566,
            0.8078817733990148,
            0.8041379310344827,
            0.8005911330049261,
            0.8011822660098522,
            0.8017733990147783,
            0.7986206896551724,
            0.7907389162561577,
            0.7850246305418719,
            0.7761576354679803,
            0.7666995073891626,
            0.7546798029556651,
            0.7483743842364532,
            0.7253201970443349,
            0.7123152709359606,
            0.6930049261083744
        ],
        "f1": [
            0.49025732559869106,
            0.503052503052503,
            0.5191032522892327,
            0.5345953002610966,
            0.5503469284142832,
            0.5689170182841068,
            0.5833181900781392,
            0.60075329566855,
            0.6176125244618396,
            0.6296445880452343,
            0.6370800497718789,
            0.6496130696474635,
            0.6615078487729383,
            0.6713893967093235,
            0.6708949964763918,
            0.6802721088435373,
            0.6807768924302788,
            0.6852182792953792,
            0.6920668058455115,
            0.6906166219839143,
            0.6921385376580539,
            0.6981345392877333,
            0.700348432055749,
            0.700268416343573,
            0.6959438853308937,
            0.6961670302274852,
            0.6812059012187299,
            0.6660066006600661,
            0.65761791652528,
            0.6445229681978799,
            0.6280931586608441,
            0.5974222896133434,
            0.5662027833001988,
            0.5301902398676592,
            0.4909716251074806,
            0.43893645786390273,
            0.39678790741615494,
            0.28950050968399593,
            0.21336206896551727,
            0.10562571756601608
        ],
        "mcc": [
            0.0,
            0.1294924285613787,
            0.1934730691391367,
            0.23964096893811493,
            0.27786806216021265,
            0.31966506371002484,
            0.3477694457339848,
            0.38100204659364517,
            0.4100838475446628,
            0.4291334802250405,
            0.43930254741574215,
            0.45849132014812716,
            0.4775495948891948,
            0.4921458587817417,
            0.48896735720081985,
            0.5039312360814675,
            0.5044252191327736,
            0.5121897415353888,
            0.5241897997614419,
            0.52347641819833,
            0.5281500731894502,
            0.5407413848317185,
            0.5480444404883882,
            0.5526509184151092,
            0.550863196957921,
            0.5562853372205228,
            0.5423551420779497,
            0.5295643750330954,
            0.5276034337056847,
            0.5258033911872035,
            0.5165502959929813,
            0.4953992890686434,
            0.4812665509430541,
            0.4585632471538843,
            0.43391894098516187,
            0.4015921887479252,
            0.3889589151560436,
            0.31793735018339936,
            0.2768874610614233,
            0.19185805459976343
        ],
        "hammingLoss": [
            0.6752709359605911,
            0.641576354679803,
            0.6001970443349753,
            0.5619704433497537,
            0.5235467980295567,
            0.48315270935960586,
            0.4518226600985221,
            0.41773399014778323,
            0.38502463054187197,
            0.3613793103448276,
            0.3448275862068966,
            0.3211822660098522,
            0.30167487684729066,
            0.28334975369458126,
            0.2760591133004926,
            0.2593103448275862,
            0.2526108374384236,
            0.2429556650246305,
            0.23251231527093597,
            0.22738916256157637,
            0.2206896551724138,
            0.2104433497536946,
            0.2033497536945813,
            0.19802955665024635,
            0.19645320197044336,
            0.1921182266009852,
            0.19586206896551728,
            0.19940886699507387,
            0.1988177339901478,
            0.1982266009852217,
            0.2013793103448276,
            0.20926108374384234,
            0.21497536945812812,
            0.22384236453201967,
            0.2333004926108374,
            0.24532019704433494,
            0.2516256157635468,
            0.2746798029556651,
            0.2876847290640394,
            0.3069950738916256
        ],
        "assertionsMetrics": [],
        "overridesMetrics": []
    },
    "tiMetrics": {
        "auc": 0.8616728839512608,
        "logLoss": 0.4613924296298227,
        "lift": 1.9220266990291262,
        "averagePrecision": 0.7602296664009818,
        "calibrationLoss": 0.10329137478774963
    },
    "probaPercentiles": [
        0.008059115576508671,
        0.015001241566556066,
        0.02136845225981533,
        0.029547535381789506,
        0.03585143599856185,
        0.04205804445262897,
        0.04707667149468814,
        0.05218633270866796,
        0.05913305344623001,
        0.06511388514989144,
        0.07084423964038553,
        0.07724840056940904,
        0.08327263318707406,
        0.08830211099705478,
        0.09480076842355903,
        0.09966451815783836,
        0.1051856855970176,
        0.11040582606714393,
        0.11731462217303784,
        0.12274463307671812,
        0.12873640126356187,
        0.1333099811293239,
        0.1419997443916057,
        0.14938346897441043,
        0.15519157368878733,
        0.16154664143237776,
        0.1695722737838967,
        0.17629203406143126,
        0.18265147887652528,
        0.1879008599785498,
        0.19552167566647646,
        0.20159812541830047,
        0.20986327338470492,
        0.21667790951654756,
        0.22677357340847007,
        0.23607853767447293,
        0.24618628330068623,
        0.2542380657688625,
        0.2616020918340761,
        0.26934784808321677,
        0.2768408377606788,
        0.28601010802623067,
        0.2968291386351632,
        0.3051221139240538,
        0.3140238072754163,
        0.32299017966748333,
        0.33270002711120356,
        0.3437170531635339,
        0.35305769223631756,
        0.36432220343583727,
        0.37124308302623593,
        0.38162793740661166,
        0.3955154857095071,
        0.41042321358229467,
        0.4225755530609408,
        0.43599065711333634,
        0.4504864712650364,
        0.4634266052295739,
        0.47532886765064053,
        0.48904608517307335,
        0.5006491330029168,
        0.5123698198271485,
        0.5296118188685469,
        0.5420050225057348,
        0.5560797332569112,
        0.5694448630311731,
        0.5849775168622826,
        0.6021764469856503,
        0.6181202881185041,
        0.6343218673395865,
        0.649713208174156,
        0.6630081740458789,
        0.6794191438601133,
        0.6940915854489145,
        0.7031782833856826,
        0.7142348153921814,
        0.727777272006774,
        0.7460990139490499,
        0.7569656778244583,
        0.7687708994123339,
        0.7829807223990841,
        0.7923707570123096,
        0.800798473454322,
        0.8133873949137974,
        0.8279090454827495,
        0.8437873031684199,
        0.854000261698981,
        0.8666040301433326,
        0.8788907645557869,
        0.888762274204609,
        0.9024680290074674,
        0.9094627650062965,
        0.9180277695764895,
        0.9265077853024969,
        0.939419717169568,
        0.9506865435087194,
        0.9603116747056417,
        0.9731437641821084,
        0.9843205496106477
    ],
    "rocVizData": [
        [
            {
                "x": 0.0,
                "y": 0.0,
                "p": 1.9986377128623367
            },
            {
                "x": 0.0002918004085205719,
                "y": 0.04975728155339806,
                "p": 0.9773195193429688
            },
            {
                "x": 0.0029180040852057193,
                "y": 0.09769417475728155,
                "p": 0.9569812647398387
            },
            {
                "x": 0.004960606944849723,
                "y": 0.1462378640776699,
                "p": 0.9382695821103456
            },
            {
                "x": 0.00904581266413773,
                "y": 0.1929611650485437,
                "p": 0.9187636242624255
            },
            {
                "x": 0.013131018383425737,
                "y": 0.24029126213592233,
                "p": 0.9040820694194265
            },
            {
                "x": 0.02100962941348118,
                "y": 0.2827669902912621,
                "p": 0.8827587582068442
            },
            {
                "x": 0.028304639626495477,
                "y": 0.3258495145631068,
                "p": 0.8635832887958922
            },
            {
                "x": 0.034432448205427485,
                "y": 0.3713592233009709,
                "p": 0.839723520314109
            },
            {
                "x": 0.04231105923548293,
                "y": 0.41504854368932037,
                "p": 0.8078299625813233
            },
            {
                "x": 0.05135687189962066,
                "y": 0.4575242718446602,
                "p": 0.7901122560180357
            },
            {
                "x": 0.06215348701488182,
                "y": 0.4969660194174757,
                "p": 0.7639446023138153
            },
            {
                "x": 0.0738255033557047,
                "y": 0.5358009708737864,
                "p": 0.7395386264366469
            },
            {
                "x": 0.08695652173913043,
                "y": 0.5740291262135923,
                "p": 0.7096660397459413
            },
            {
                "x": 0.10475634665888532,
                "y": 0.6067961165048543,
                "p": 0.6819174416560008
            },
            {
                "x": 0.11817916545083162,
                "y": 0.6444174757281553,
                "p": 0.6515056583841828
            },
            {
                "x": 0.1342281879194631,
                "y": 0.6796116504854369,
                "p": 0.6160077715455851
            },
            {
                "x": 0.1529034140647797,
                "y": 0.7111650485436893,
                "p": 0.5785047465388676
            },
            {
                "x": 0.17741464838050774,
                "y": 0.7372572815533981,
                "p": 0.542303748423838
            },
            {
                "x": 0.20513568718996206,
                "y": 0.7609223300970874,
                "p": 0.5062611522943188
            },
            {
                "x": 0.2337321272249781,
                "y": 0.783373786407767,
                "p": 0.4724741777849177
            },
            {
                "x": 0.259702363583309,
                "y": 0.808252427184466,
                "p": 0.4399179404283431
            },
            {
                "x": 0.2891742048438868,
                "y": 0.8288834951456311,
                "p": 0.40393589711705963
            },
            {
                "x": 0.3189378465129851,
                "y": 0.8519417475728155,
                "p": 0.36983313670626844
            },
            {
                "x": 0.3501604902246863,
                "y": 0.870752427184466,
                "p": 0.3448111220471075
            },
            {
                "x": 0.3749635249489349,
                "y": 0.8974514563106796,
                "p": 0.31755388238864274
            },
            {
                "x": 0.41348117887365043,
                "y": 0.9101941747572816,
                "p": 0.2897289498031958
            },
            {
                "x": 0.4528742340239276,
                "y": 0.9211165048543689,
                "p": 0.2651108385806573
            },
            {
                "x": 0.4864312810037934,
                "y": 0.9381067961165048,
                "p": 0.24279801755349517
            },
            {
                "x": 0.5249489349285089,
                "y": 0.9514563106796117,
                "p": 0.2149781620643624
            },
            {
                "x": 0.5693025970236358,
                "y": 0.9593446601941747,
                "p": 0.19068167800429198
            },
            {
                "x": 0.610738255033557,
                "y": 0.9684466019417476,
                "p": 0.16998164417284944
            },
            {
                "x": 0.6568427195798074,
                "y": 0.9739077669902912,
                "p": 0.14971189236362142
            },
            {
                "x": 0.7011963816749344,
                "y": 0.9805825242718447,
                "p": 0.12682540452666133
            },
            {
                "x": 0.7487598482637876,
                "y": 0.9848300970873787,
                "p": 0.10752124455382941
            },
            {
                "x": 0.7919463087248322,
                "y": 0.9927184466019418,
                "p": 0.08987325802022646
            },
            {
                "x": 0.8406769769477678,
                "y": 0.9945388349514563,
                "p": 0.07072567376730002
            },
            {
                "x": 0.8920338488473883,
                "y": 0.9975728155339806,
                "p": 0.048772361094914105
            },
            {
                "x": 0.9541873358622702,
                "y": 1.0,
                "p": 0.022266368095878456
            },
            {
                "x": 1.0,
                "y": 1.0,
                "p": 6.699989203473917e-05
            }
        ]
    ],
    "liftVizData": {
        "bins": [
            {
                "bin_pos_prop": 0.875984252,
                "bin_lift": 2.6975849992,
                "cum_lift": 0.2700242718,
                "cum_size": 0.1000985222,
                "bin_min": 0.8887622742,
                "bin_max": 0.9986377129,
                "percentile_idx": 0
            },
            {
                "bin_pos_prop": 0.7179487179,
                "bin_lift": 2.2109161065,
                "cum_lift": 0.4908980583,
                "cum_size": 0.2,
                "bin_min": 0.7687708994,
                "bin_max": 0.8887622742,
                "percentile_idx": 1
            },
            {
                "bin_pos_prop": 0.5649606299,
                "bin_lift": 1.7397907748,
                "cum_lift": 0.6650485437,
                "cum_size": 0.3000985222,
                "bin_min": 0.6343218673,
                "bin_max": 0.7687708994,
                "percentile_idx": 2
            },
            {
                "bin_pos_prop": 0.3372781065,
                "bin_lift": 1.0386446544,
                "cum_lift": 0.7688106796,
                "cum_size": 0.4,
                "bin_min": 0.4890460852,
                "bin_max": 0.6343218673,
                "percentile_idx": 3
            },
            {
                "bin_pos_prop": 0.2826086957,
                "bin_lift": 0.8702907345,
                "cum_lift": 0.8555825243,
                "cum_size": 0.4997044335,
                "bin_min": 0.3643222034,
                "bin_max": 0.4890460852,
                "percentile_idx": 4
            },
            {
                "bin_pos_prop": 0.2082514735,
                "bin_lift": 0.6413083907,
                "cum_lift": 0.9199029126,
                "cum_size": 0.6,
                "bin_min": 0.2693478481,
                "bin_max": 0.3643222034,
                "percentile_idx": 5
            },
            {
                "bin_pos_prop": 0.1314741036,
                "bin_lift": 0.4048732255,
                "cum_lift": 0.9599514563,
                "cum_size": 0.6989162562,
                "bin_min": 0.18790086,
                "bin_max": 0.2693478481,
                "percentile_idx": 6
            },
            {
                "bin_pos_prop": 0.0701754386,
                "bin_lift": 0.2161045818,
                "cum_lift": 0.9817961165,
                "cum_size": 0.8,
                "bin_min": 0.1227446331,
                "bin_max": 0.18790086,
                "percentile_idx": 7
            },
            {
                "bin_pos_prop": 0.0453648915,
                "bin_lift": 0.139700743,
                "cum_lift": 0.9957524272,
                "cum_size": 0.8999014778,
                "bin_min": 0.0651138851,
                "bin_max": 0.1227446331,
                "percentile_idx": 8
            },
            {
                "bin_pos_prop": 0.0137795276,
                "bin_lift": 0.0424339213,
                "cum_lift": 1.0,
                "cum_size": 1.0,
                "bin_min": 6.69999e-05,
                "bin_max": 0.0651138851,
                "percentile_idx": 9
            }
        ],
        "wizard": {
            "positives": 1648,
            "total": 5075
        }
    },
    "prVizData": [
        {
            "bins": [
                {
                    "x": 1.0,
                    "y": 0.3473861720067454,
                    "p": 0.045018371292271035
                },
                {
                    "x": 0.9866504854368932,
                    "y": 0.3807070943572934,
                    "p": 0.09850486336090773
                },
                {
                    "x": 0.9745145631067961,
                    "y": 0.4157390629044784,
                    "p": 0.14907429809597558
                },
                {
                    "x": 0.9599514563106796,
                    "y": 0.44714527981910684,
                    "p": 0.18974667400359574
                },
                {
                    "x": 0.9429611650485437,
                    "y": 0.47522935779816516,
                    "p": 0.23266119310336597
                },
                {
                    "x": 0.9199029126213593,
                    "y": 0.4954248366013072,
                    "p": 0.26671483529840556
                },
                {
                    "x": 0.9029126213592233,
                    "y": 0.5233907843826944,
                    "p": 0.3050330133394428
                },
                {
                    "x": 0.8786407766990292,
                    "y": 0.5435435435435435,
                    "p": 0.3379091782419976
                },
                {
                    "x": 0.8525485436893204,
                    "y": 0.5597609561752988,
                    "p": 0.3674746514591832
                },
                {
                    "x": 0.8288834951456311,
                    "y": 0.5788135593220339,
                    "p": 0.4032377298077717
                },
                {
                    "x": 0.8070388349514563,
                    "y": 0.5996393146979261,
                    "p": 0.44094063406227435
                },
                {
                    "x": 0.7821601941747572,
                    "y": 0.6173371647509579,
                    "p": 0.47378401536653564
                },
                {
                    "x": 0.7615291262135923,
                    "y": 0.6409601634320735,
                    "p": 0.5058611489105802
                },
                {
                    "x": 0.7402912621359223,
                    "y": 0.6630434782608695,
                    "p": 0.5390856568729889
                },
                {
                    "x": 0.7190533980582524,
                    "y": 0.684971098265896,
                    "p": 0.5683160707698285
                },
                {
                    "x": 0.6923543689320388,
                    "y": 0.6995708154506438,
                    "p": 0.6003782803428828
                },
                {
                    "x": 0.6668689320388349,
                    "y": 0.7192408376963351,
                    "p": 0.6331683014147232
                },
                {
                    "x": 0.633495145631068,
                    "y": 0.7244968771686329,
                    "p": 0.657242536052709
                },
                {
                    "x": 0.6049757281553398,
                    "y": 0.7363367799113737,
                    "p": 0.6841120638599308
                },
                {
                    "x": 0.5807038834951457,
                    "y": 0.7541371158392435,
                    "p": 0.7031841937972438
                },
                {
                    "x": 0.5546116504854369,
                    "y": 0.768713204373423,
                    "p": 0.7220741562295725
                },
                {
                    "x": 0.5260922330097088,
                    "y": 0.7796762589928058,
                    "p": 0.7477746130199624
                },
                {
                    "x": 0.4981796116504854,
                    "y": 0.7924710424710425,
                    "p": 0.7635560176110635
                },
                {
                    "x": 0.4684466019417476,
                    "y": 0.8016614745586709,
                    "p": 0.7839392942437852
                },
                {
                    "x": 0.4405339805825243,
                    "y": 0.812989921612542,
                    "p": 0.7948219629636848
                },
                {
                    "x": 0.41262135922330095,
                    "y": 0.8242424242424242,
                    "p": 0.8089418372201835
                },
                {
                    "x": 0.38288834951456313,
                    "y": 0.8335535006605019,
                    "p": 0.829981505180838
                },
                {
                    "x": 0.35254854368932037,
                    "y": 0.8408104196816208,
                    "p": 0.8476575859225616
                },
                {
                    "x": 0.32402912621359226,
                    "y": 0.8503184713375797,
                    "p": 0.8643861159254014
                },
                {
                    "x": 0.29186893203883496,
                    "y": 0.8528368794326241,
                    "p": 0.8763549386015491
                },
                {
                    "x": 0.27366504854368934,
                    "y": 0.8757281553398059,
                    "p": 0.8865120312101679
                },
                {
                    "x": 0.2506067961165049,
                    "y": 0.8939393939393939,
                    "p": 0.9011283437058508
                },
                {
                    "x": 0.22572815533980584,
                    "y": 0.9095354523227384,
                    "p": 0.908960505842705
                },
                {
                    "x": 0.1875,
                    "y": 0.9088235294117647,
                    "p": 0.918929390296765
                },
                {
                    "x": 0.15655339805825244,
                    "y": 0.911660777385159,
                    "p": 0.9316719085388627
                },
                {
                    "x": 0.1383495145631068,
                    "y": 0.9344262295081968,
                    "p": 0.9404795394139052
                },
                {
                    "x": 0.11589805825242719,
                    "y": 0.9502487562189055,
                    "p": 0.9511424831978523
                },
                {
                    "x": 0.07888349514563107,
                    "y": 0.9420289855072463,
                    "p": 0.9621695200711814
                },
                {
                    "x": 0.061893203883495146,
                    "y": 0.9622641509433962,
                    "p": 0.9724077305464359
                },
                {
                    "x": 0.04308252427184466,
                    "y": 0.9861111111111112,
                    "p": 0.9817318691291508
                },
                {
                    "x": 0.021237864077669904,
                    "y": 1.0,
                    "p": 0.9862390630002711
                },
                {
                    "x": 0.0012135922330097086,
                    "y": 1.0,
                    "p": 0.9986377128623367
                }
            ],
            "positiveRate": 0.3247290640394089
        }
    ],
    "densityData": {
        "Not_Canceled": {
            "actualIsThisClass": [
                0.05737445302185808,
                0.07310363268998622,
                0.09096817590564261,
                0.1106843094647693,
                0.13183282240100092,
                0.15387871444601658,
                0.17620652013829488,
                0.1981718717162891,
                0.21916716944285283,
                0.23869475549606362,
                0.25643585130629565,
                0.2722999212240903,
                0.2864395208196438,
                0.2992215048258491,
                0.31115602346334187,
                0.3227969840020233,
                0.33463711371849014,
                0.3470233302069447,
                0.36011203638666955,
                0.37387089554677266,
                0.38811838661540854,
                0.4025810331598261,
                0.41694535684006684,
                0.43088852144696593,
                0.44408523468729666,
                0.4562025836467912,
                0.4669024774986709,
                0.47586922053646724,
                0.48286796837129187,
                0.48782346991545517,
                0.49089494682269585,
                0.4925185836956543,
                0.49339631043552046,
                0.4944256758667955,
                0.49658412463066925,
                0.500794560345111,
                0.5078028295475652,
                0.5180912318370193,
                0.5318390848664118,
                0.5489275658701945,
                0.5689766290192536,
                0.5913991189812902,
                0.6154604025916426,
                0.6403378868938346,
                0.6651802388099829,
                0.6891686292509293,
                0.7115813240562403,
                0.7318594350197574,
                0.7496674800310063,
                0.7649394850531039,
                0.7779010079783176,
                0.7890600375346345,
                0.7991645787615084,
                0.8091305276680185,
                0.8199486491946103,
                0.832583000340601,
                0.8478745578579285,
                0.8664631935212539,
                0.8887386433742583,
                0.9148267306012631,
                0.9446109109017287,
                0.9777820186878663,
                1.013902825549308,
                1.0524713000578934,
                1.0929692815299406,
                1.134891495386095,
                1.177760446222396,
                1.2211407803719225,
                1.2646676101063423,
                1.3080953507990183,
                1.351359484237184,
                1.3946296204738755,
                1.4383255837202706,
                1.4830738218581496,
                1.529598925102409,
                1.5785684835119167,
                1.6304294167958158,
                1.6852812156273576,
                1.742821815561889,
                1.8023777132142842,
                1.8630004413360846,
                1.9235883300023442,
                1.9829848265852923,
                2.0400152231480595,
                2.093447620471754,
                2.141891588016083,
                2.183669327419458,
                2.216703460888707,
                2.2384629699106453,
                2.245998679248445,
                2.236086957293485,
                2.2054871769703652,
                2.151303559988594,
                2.0714225272744784,
                1.9649722350417544,
                1.8327265242866266,
                1.6773610148059617,
                1.503475579531624,
                1.3173311115297406,
                1.1263057681097017
            ],
            "actualIsNotThisClass": [
                1.177672609800422,
                1.3427662586257751,
                1.502226533039675,
                1.6505948050359636,
                1.7830274237870567,
                1.8956747698516734,
                1.9859504956632514,
                2.052664077960053,
                2.0960096037635414,
                2.117422529980539,
                2.1193312826590933,
                2.1048404645217857,
                2.0773867116633333,
                2.0404072825509285,
                1.99705611234216,
                1.9499933338327355,
                1.9012632385399897,
                1.8522635147606297,
                1.8037966958445646,
                1.7561845542375407,
                1.709419131494549,
                1.663321344565074,
                1.6176801783684471,
                1.5723520323758355,
                1.527309597387386,
                1.4826407460965219,
                1.438508065524179,
                1.3950867848567288,
                1.3525015917919416,
                1.3107808242695478,
                1.269840488823614,
                1.2295020946674142,
                1.1895394983227583,
                1.149742909223277,
                1.1099844858506593,
                1.0702702456466704,
                1.030766972297346,
                0.9917991593259683,
                0.9538179577400756,
                0.9173497655113929,
                0.8829352071444282,
                0.8510693955176633,
                0.8221520814232869,
                0.7964527719293351,
                0.7740924785848494,
                0.7550414054085843,
                0.739130865733787,
                0.7260775863277649,
                0.7155184929013023,
                0.7070533445045746,
                0.7002909796058407,
                0.6948929147091741,
                0.6906065678523682,
                0.6872805190349095,
                0.6848566073196661,
                0.6833381680409987,
                0.6827393686770928,
                0.6830258757859198,
                0.6840603665423239,
                0.6855665298201987,
                0.6871218708762885,
                0.6881834961500175,
                0.6881435660786631,
                0.686404125209462,
                0.6824563183434298,
                0.6759477877353264,
                0.6667246511221132,
                0.6548402448072327,
                0.6405303275738501,
                0.624161787435605,
                0.6061672441484592,
                0.5869800251715929,
                0.5669824456720517,
                0.5464757678120946,
                0.5256740535955546,
                0.5047181016890059,
                0.4837013323576914,
                0.4626978015975991,
                0.4417836079928247,
                0.4210461652908965,
                0.4005800324380161,
                0.3804720033724118,
                0.36078098602322844,
                0.34151931816004927,
                0.3226415430210716,
                0.30404466493272453,
                0.2855811250718825,
                0.2670828465028716,
                0.2483922911895102,
                0.22939498420968735,
                0.210047616498412,
                0.19039663713635016,
                0.17058398047722734,
                0.15083887053865533,
                0.13145704527193583,
                0.11277079104693269,
                0.09511451266402769,
                0.07879098950289934,
                0.06404297945156771,
                0.051033601697246835
            ],
            "actualIsThisClassMedian": 0.7666323450608808,
            "actualIsNotThisClassMedian": 0.23778673938292422
        },
        "Canceled": {
            "actualIsThisClass": [
                0.051033601697247015,
                0.06404297945156771,
                0.07879098950289927,
                0.09511451266402804,
                0.11277079104693208,
                0.1314570452719362,
                0.1508388705386552,
                0.17058398047722748,
                0.19039663713634966,
                0.21004761649841125,
                0.22939498420968735,
                0.24839229118951106,
                0.2670828465028742,
                0.285581125071881,
                0.30404466493272503,
                0.32264154302107073,
                0.34151931816004716,
                0.36078098602322844,
                0.38047200337240916,
                0.4005800324380143,
                0.42104616529089167,
                0.4417836079928215,
                0.46269780159759955,
                0.4837013323576905,
                0.5047181016890028,
                0.5256740535955631,
                0.5464757678121018,
                0.5669824456720562,
                0.586980025171594,
                0.6061672441484635,
                0.6241617874355989,
                0.6405303275738529,
                0.6548402448072332,
                0.6667246511221073,
                0.6759477877353198,
                0.6824563183434377,
                0.6864041252094638,
                0.6881435660786528,
                0.6881834961500242,
                0.6871218708762867,
                0.6855665298201957,
                0.6840603665423367,
                0.683025875785921,
                0.6827393686770977,
                0.6833381680409932,
                0.6848566073196595,
                0.6872805190349205,
                0.6906065678523744,
                0.6948929147091821,
                0.700290979605842,
                0.7070533445045689,
                0.715518492901301,
                0.7260775863277616,
                0.739130865733785,
                0.7550414054085963,
                0.7740924785848481,
                0.7964527719293527,
                0.8221520814232751,
                0.8510693955176565,
                0.8829352071444313,
                0.9173497655113856,
                0.9538179577400756,
                0.9917991593259727,
                1.0307669722973434,
                1.0702702456466724,
                1.1099844858506456,
                1.1497429092232605,
                1.1895394983227319,
                1.229502094667412,
                1.269840488823614,
                1.310780824269535,
                1.3525015917919403,
                1.3950867848567177,
                1.4385080655241766,
                1.4826407460965285,
                1.5273095973874065,
                1.5723520323758202,
                1.6176801783684414,
                1.6633213445650548,
                1.7094191314945506,
                1.7561845542375705,
                1.803796695844563,
                1.8522635147606494,
                1.9012632385399897,
                1.9499933338327355,
                1.9970561123421209,
                2.0404072825509174,
                2.077386711663326,
                2.1048404645217857,
                2.119331282659078,
                2.117422529980539,
                2.0960096037635414,
                2.052664077960024,
                1.985950495663262,
                1.8956747698516734,
                1.7830274237870631,
                1.6505948050359474,
                1.502226533039691,
                1.3427662586257632,
                1.1776726098004262
            ],
            "actualIsNotThisClass": [
                1.1263057681096897,
                1.3173311115297266,
                1.5034755795316213,
                1.6773610148059737,
                1.8327265242866266,
                1.964972235041709,
                2.07142252727453,
                2.151303559988575,
                2.205487176970424,
                2.2360869572934776,
                2.245998679248473,
                2.2384629699106933,
                2.2167034608887306,
                2.1836693274194654,
                2.141891588016114,
                2.093447620471776,
                2.0400152231480195,
                1.9829848265852887,
                1.9235883300023373,
                1.8630004413360912,
                1.8023777132143164,
                1.7428218155618953,
                1.6852812156273456,
                1.6304294167958333,
                1.5785684835119222,
                1.5295989251024171,
                1.4830738218581707,
                1.43832558372024,
                1.3946296204738606,
                1.3513594842372059,
                1.3080953507990112,
                1.2646676101063399,
                1.221140780371892,
                1.177760446222352,
                1.134891495386099,
                1.0929692815299055,
                1.0524713000578785,
                1.0139028255493063,
                0.9777820186878802,
                0.9446109109017253,
                0.9148267306012728,
                0.8887386433742489,
                0.8664631935212508,
                0.8478745578579271,
                0.8325830003406084,
                0.8199486491946161,
                0.8091305276680213,
                0.7991645787615204,
                0.789060037534631,
                0.7779010079783301,
                0.764939485053108,
                0.7496674800310162,
                0.7318594350197587,
                0.7115813240562466,
                0.6891686292509305,
                0.6651802388099765,
                0.6403378868938284,
                0.6154604025916497,
                0.5913991189812823,
                0.5689766290192562,
                0.5489275658702053,
                0.5318390848664147,
                0.5180912318370198,
                0.5078028295475656,
                0.5007945603451066,
                0.49658412463066925,
                0.49442567586679853,
                0.4933963104355226,
                0.49251858369565216,
                0.4908949468226889,
                0.48782346991545905,
                0.4828679683712884,
                0.47586922053647274,
                0.4669024774986775,
                0.45620258364679206,
                0.4440852346872994,
                0.4308885214469686,
                0.4169453568400698,
                0.40258103315982535,
                0.3881183866154127,
                0.3738708955467763,
                0.36011203638667466,
                0.34702333020694687,
                0.3346371137184875,
                0.3227969840020247,
                0.31115602346334464,
                0.2992215048258446,
                0.28643952081964125,
                0.2722999212240891,
                0.2564358513062984,
                0.23869475549606659,
                0.21916716944285264,
                0.19817187171628822,
                0.17620652013829752,
                0.15387871444601714,
                0.131832822401,
                0.1106843094647691,
                0.09096817590564228,
                0.07310363268998603,
                0.057374453021858125
            ],
            "actualIsThisClassMedian": 0.7622132606170757,
            "actualIsNotThisClassMedian": 0.23336765493911912
        }
    },
    "calibrationData": [
        {
            "y": 0,
            "x": 0,
            "n": 0
        },
        {
            "y": 0.02702702702702703,
            "x": 0.05243329357421407,
            "n": 814.0
        },
        {
            "y": 0.060075093867334166,
            "x": 0.14865665060623606,
            "n": 799.0
        },
        {
            "y": 0.13969335604770017,
            "x": 0.24876517157821282,
            "n": 587.0
        },
        {
            "y": 0.25443786982248523,
            "x": 0.346806478321588,
            "n": 507.0
        },
        {
            "y": 0.2857142857142857,
            "x": 0.45065263160170577,
            "n": 378.0
        },
        {
            "y": 0.3286908077994429,
            "x": 0.5466938549320475,
            "n": 359.0
        },
        {
            "y": 0.5180722891566265,
            "x": 0.6509319274046107,
            "n": 332.0
        },
        {
            "y": 0.5949074074074074,
            "x": 0.7509740524030609,
            "n": 432.0
        },
        {
            "y": 0.7336683417085427,
            "x": 0.8513702314721486,
            "n": 398.0
        },
        {
            "y": 0.8955223880597015,
            "x": 0.944360321300986,
            "n": 469.0
        },
        {
            "y": 1,
            "x": 1,
            "n": 0
        }
    ],
    "probaDistribData": {
        "bins": [
            0.0,
            0.1,
            0.2,
            0.3,
            0.4,
            0.5,
            0.6,
            0.7,
            0.8,
            0.9,
            1.0
        ],
        "probaDistribs": [
            [
                792.0,
                751.0,
                505.0,
                378.0,
                270.0,
                241.0,
                160.0,
                175.0,
                106.0,
                49.0
            ],
            [
                22.0,
                48.0,
                82.0,
                129.0,
                108.0,
                118.0,
                172.0,
                257.0,
                292.0,
                420.0
            ]
        ]
    },
    "globalMetrics": {
        "testWeight": 5075,
        "targetAvg": [
            0.3247290640394089
        ],
        "targetStd": [
            0.46831967225851195
        ],
        "predictionAvg": [
            0.35389162561576354
        ],
        "predictionStd": [
            0.47817605851275713
        ]
    }
}