{
    "predictedClassCountPerCut": [
        {
            "Canceled": 5075
        },
        {
            "Canceled": 4904,
            "Not_Canceled": 171
        },
        {
            "Canceled": 4686,
            "Not_Canceled": 389
        },
        {
            "Canceled": 4480,
            "Not_Canceled": 595
        },
        {
            "Canceled": 4261,
            "Not_Canceled": 814
        },
        {
            "Canceled": 4040,
            "Not_Canceled": 1035
        },
        {
            "Canceled": 3855,
            "Not_Canceled": 1220
        },
        {
            "Canceled": 3662,
            "Not_Canceled": 1413
        },
        {
            "Canceled": 3462,
            "Not_Canceled": 1613
        },
        {
            "Canceled": 3304,
            "Not_Canceled": 1771
        },
        {
            "Canceled": 3174,
            "Not_Canceled": 1901
        },
        {
            "Canceled": 3004,
            "Not_Canceled": 2071
        },
        {
            "Canceled": 2875,
            "Not_Canceled": 2200
        },
        {
            "Canceled": 2728,
            "Not_Canceled": 2347
        },
        {
            "Canceled": 2609,
            "Not_Canceled": 2466
        },
        {
            "Not_Canceled": 2607,
            "Canceled": 2468
        },
        {
            "Not_Canceled": 2707,
            "Canceled": 2368
        },
        {
            "Not_Canceled": 2806,
            "Canceled": 2269
        },
        {
            "Not_Canceled": 2891,
            "Canceled": 2184
        },
        {
            "Not_Canceled": 2993,
            "Canceled": 2082
        },
        {
            "Not_Canceled": 3085,
            "Canceled": 1990
        },
        {
            "Not_Canceled": 3185,
            "Canceled": 1890
        },
        {
            "Not_Canceled": 3279,
            "Canceled": 1796
        },
        {
            "Not_Canceled": 3370,
            "Canceled": 1705
        },
        {
            "Not_Canceled": 3444,
            "Canceled": 1631
        },
        {
            "Not_Canceled": 3514,
            "Canceled": 1561
        },
        {
            "Not_Canceled": 3605,
            "Canceled": 1470
        },
        {
            "Not_Canceled": 3693,
            "Canceled": 1382
        },
        {
            "Not_Canceled": 3776,
            "Canceled": 1299
        },
        {
            "Not_Canceled": 3893,
            "Canceled": 1182
        },
        {
            "Not_Canceled": 3975,
            "Canceled": 1100
        },
        {
            "Not_Canceled": 4085,
            "Canceled": 990
        },
        {
            "Not_Canceled": 4208,
            "Canceled": 867
        },
        {
            "Not_Canceled": 4305,
            "Canceled": 770
        },
        {
            "Not_Canceled": 4397,
            "Canceled": 678
        },
        {
            "Not_Canceled": 4504,
            "Canceled": 571
        },
        {
            "Not_Canceled": 4606,
            "Canceled": 469
        },
        {
            "Not_Canceled": 4761,
            "Canceled": 314
        },
        {
            "Not_Canceled": 4867,
            "Canceled": 208
        },
        {
            "Not_Canceled": 4981,
            "Canceled": 94
        }
    ],
    "cuts": [
        0.0,
        0.025,
        0.05,
        0.075,
        0.1,
        0.125,
        0.15,
        0.175,
        0.2,
        0.225,
        0.25,
        0.275,
        0.3,
        0.325,
        0.35,
        0.375,
        0.4,
        0.425,
        0.45,
        0.475,
        0.5,
        0.525,
        0.55,
        0.575,
        0.6,
        0.625,
        0.65,
        0.675,
        0.7,
        0.725,
        0.75,
        0.775,
        0.8,
        0.825,
        0.85,
        0.875,
        0.9,
        0.925,
        0.95,
        0.975
    ],
    "predictedClassCount": {
        "Not_Canceled": 3279,
        "Canceled": 1796
    },
    "probabilityDensities": {
        "Not_Canceled": {
            "density": [
                0.42721799572015784,
                0.491632768170932,
                0.5552936492086263,
                0.6162110040323109,
                0.6725480199453513,
                0.7227624774658257,
                0.7657167461174231,
                0.8007454181089957,
                0.8276758595158504,
                0.8468025997053154,
                0.8588212318490028,
                0.8647310993380358,
                0.8657184970297643,
                0.8630334782857993,
                0.8578735802240103,
                0.8512866870783006,
                0.8441026729101752,
                0.8368994349044052,
                0.8300038611671081,
                0.8235229989878843,
                0.8173962849805276,
                0.8114571990951074,
                0.8054927348264375,
                0.7992915987791234,
                0.7926763184898845,
                0.7855192044683991,
                0.7777460335367451,
                0.7693333813559772,
                0.7603053659413982,
                0.7507335303875325,
                0.7407406003581358,
                0.7305060073897047,
                0.7202692977897248,
                0.7103273191028291,
                0.7010223230782794,
                0.6927203408548233,
                0.6857816522026683,
                0.680527193506548,
                0.6772058502326946,
                0.6759675833699098,
                0.6768463649257751,
                0.6797552788528609,
                0.6844943112242469,
                0.6907697094677665,
                0.698222606037474,
                0.7064639592003696,
                0.7151126612790561,
                0.7238336875997174,
                0.7323731917035483,
                0.7405873917505041,
                0.7484620170928123,
                0.7561192340075591,
                0.7638096490430228,
                0.7718884115181687,
                0.7807765875992697,
                0.7909115440192322,
                0.8026924935855688,
                0.8164289490799332,
                0.8323000501950355,
                0.8503313259111295,
                0.8703926172684262,
                0.8922172087313585,
                0.9154385508446842,
                0.9396381591786722,
                0.9643969476640529,
                0.9893425685776197,
                1.014186991556222,
                1.0387509281562926,
                1.0629740702050905,
                1.0869119006592105,
                1.1107208408173979,
                1.1346338689156936,
                1.1589288584190998,
                1.1838921050898856,
                1.2097799775571696,
                1.2367821544333202,
                1.2649900855869634,
                1.2943737137848645,
                1.3247679514785884,
                1.355868186282902,
                1.3872318469344107,
                1.4182816350328813,
                1.4483060988052745,
                1.476455027974984,
                1.50173034139631,
                1.5229768908942753,
                1.5388808556663822,
                1.5479851753282416,
                1.548731119299626,
                1.5395324091794629,
                1.5188835214859118,
                1.4854974850193257,
                1.4384615382529973,
                1.3773925818474804,
                1.3025698006492847,
                1.2150205073401785,
                1.1165382385334743,
                1.0096197566468794,
                0.8973191541401585,
                0.7830308383021359
            ],
            "median": 0.6356777965641627
        },
        "Canceled": {
            "density": [
                0.7830308383021359,
                0.8973191541401633,
                1.0096197566468956,
                1.1165382385334466,
                1.2150205073401914,
                1.3025698006492916,
                1.3773925818474706,
                1.4384615382530306,
                1.485497485019323,
                1.5188835214858634,
                1.5395324091794274,
                1.548731119299648,
                1.5479851753282416,
                1.5388808556664042,
                1.5229768908942456,
                1.501730341396318,
                1.476455027974997,
                1.4483060988052436,
                1.4182816350328888,
                1.3872318469343787,
                1.3558681862828803,
                1.3247679514786048,
                1.2943737137848117,
                1.2649900855869454,
                1.2367821544333335,
                1.209779977557176,
                1.183892105089913,
                1.1589288584191038,
                1.1346338689156936,
                1.1107208408174019,
                1.0869119006592145,
                1.062974070205085,
                1.0387509281563092,
                1.0141869915562038,
                0.9893425685776285,
                0.964396947664017,
                0.9396381591786772,
                0.9154385508446647,
                0.8922172087313474,
                0.8703926172684463,
                0.8503313259111235,
                0.8323000501950281,
                0.8164289490799507,
                0.8026924935855688,
                0.7909115440192322,
                0.7807765875992586,
                0.7718884115181468,
                0.7638096490430337,
                0.7561192340075618,
                0.7484620170927964,
                0.7405873917505108,
                0.7323731917035574,
                0.723833687599702,
                0.7151126612790422,
                0.7064639592003772,
                0.6982226060374777,
                0.6907697094677567,
                0.6844943112242456,
                0.679755278852879,
                0.6768463649257811,
                0.6759675833699049,
                0.6772058502327114,
                0.6805271935065503,
                0.6857816522026501,
                0.6927203408548085,
                0.7010223230782644,
                0.7103273191028266,
                0.7202692977897248,
                0.7305060073897177,
                0.7407406003581424,
                0.7507335303875525,
                0.7603053659413861,
                0.7693333813559785,
                0.7777460335367464,
                0.7855192044684131,
                0.7926763184898858,
                0.7992915987791318,
                0.8054927348264375,
                0.8114571990951074,
                0.8173962849805305,
                0.8235229989878726,
                0.8300038611671051,
                0.8368994349044082,
                0.8441026729101692,
                0.8512866870783066,
                0.8578735802240056,
                0.8630334782858039,
                0.8657184970297581,
                0.8647310993380313,
                0.8588212318489967,
                0.8468025997053124,
                0.8276758595158578,
                0.80074541810898,
                0.7657167461174312,
                0.7227624774658333,
                0.6725480199453405,
                0.6162110040323152,
                0.5552936492086183,
                0.491632768170939,
                0.42721799572015634
            ],
            "median": 0.36432220343583727
        }
    }
}