{
  "columns": [
    {"name":"Booking_ID","type":"string"},
    {"name":"adults","type":"float"},
    {"name":"children","type":"float"},
    {"name":"weekend_nights","type":"float"},
    {"name":"week_nights","type":"float"},
    {"name":"meal_plan","type":"string"},
    {"name":"parking_request","type":"string"},
    {"name":"room_type_reserved","type":"string"},
    {"name":"lead_time","type":"int"},
    {"name":"market_type","type":"string"},
    {"name":"first_time","type":"string"},
    {"name":"previous_cancellations","type":"int"},
    {"name":"avg_price_per_room","type":"float"},
    {"name":"number_of_special_requests","type":"int"},
    {"name":"booking_status","type":"string"},
    {"name":"year","type":"bigint"},
    {"name":"month","type":"bigint"},
    {"name":"day","type":"bigint"},
    {"name":"day_of_week","type":"bigint"}
  ],
  "userModified": true
}